,0,1,2,3,4,5,6,7,8,9,10,11,12,13,14,15,16,17,18,19,20,21,22,23,24,25,26,27,28,29,30,31,32,33,34,35,36,37,38,39,40,41,42,43,44,45
0,"(0, array([124.94555   , 396.1935    ,   0.51726139,   0.80895135,
       -91.57940853, 179.66854147, 433.04991706, 433.04991706]), array([[1.90568e+02, 2.74736e+02, 9.75989e-01],
       [1.45455e+02, 3.00214e+02, 8.78156e-01],
       [1.33715e+02, 2.98260e+02, 9.09902e-01],
       [1.23876e+02, 3.57064e+02, 9.25712e-01],
       [1.67012e+02, 3.88355e+02, 9.13452e-01],
       [1.53338e+02, 3.00231e+02, 8.10104e-01],
       [1.43536e+02, 3.41436e+02, 8.33094e-01],
       [1.72894e+02, 3.78549e+02, 7.94657e-01],
       [7.29506e+01, 3.62954e+02, 8.06605e-01],
       [5.93231e+01, 3.64832e+02, 8.07067e-01],
       [1.21922e+02, 4.29594e+02, 8.76103e-01],
       [8.47913e+01, 5.09927e+02, 8.95359e-01],
       [8.47362e+01, 3.62926e+02, 7.44176e-01],
       [1.39545e+02, 4.17784e+02, 8.72073e-01],
       [7.88411e+01, 4.80559e+02, 8.07088e-01],
       [1.86580e+02, 2.66941e+02, 9.15136e-01],
       [1.94392e+02, 2.70787e+02, 7.44382e-02],
       [1.65080e+02, 2.66899e+02, 9.33436e-01],
       [0.00000e+00, 0.00000e+00, 0.00000e+00],
       [1.12209e+02, 5.04008e+02, 2.92591e-01],
       [1.10216e+02, 4.98133e+02, 2.52787e-01],
       [6.31846e+01, 4.84360e+02, 7.09731e-01],
       [1.20024e+02, 5.21587e+02, 9.06249e-01],
       [1.12188e+02, 5.25488e+02, 8.95455e-01],
       [7.49217e+01, 5.17719e+02, 8.50959e-01]]))","(0, array([151.35395   , 400.1595    ,   0.50732754,   0.86109565,
       -69.41072384, 179.39482616, 441.52934769, 441.52934769]), array([[2.08148e+02, 2.84623e+02, 9.38708e-01],
       [1.63080e+02, 3.06175e+02, 8.47887e-01],
       [1.53369e+02, 3.04120e+02, 8.94446e-01],
       [1.78701e+02, 3.59056e+02, 8.68088e-01],
       [2.29664e+02, 3.78648e+02, 7.81329e-01],
       [1.69002e+02, 3.08147e+02, 8.30863e-01],
       [1.80806e+02, 3.55072e+02, 7.91121e-01],
       [2.25785e+02, 3.70825e+02, 8.01096e-01],
       [9.06363e+01, 3.68816e+02, 8.20396e-01],
       [7.68685e+01, 3.68876e+02, 7.98748e-01],
       [1.35648e+02, 4.39386e+02, 8.84363e-01],
       [8.66707e+01, 5.09829e+02, 9.22311e-01],
       [1.06252e+02, 3.68764e+02, 7.54562e-01],
       [1.65002e+02, 4.11886e+02, 9.20373e-01],
       [1.37672e+02, 4.90246e+02, 8.67939e-01],
       [2.02341e+02, 2.76703e+02, 9.37103e-01],
       [2.10081e+02, 2.76737e+02, 5.38432e-02],
       [1.80782e+02, 2.74771e+02, 9.80143e-01],
       [0.00000e+00, 0.00000e+00, 0.00000e+00],
       [1.74845e+02, 5.07910e+02, 8.84432e-01],
       [1.70923e+02, 5.02069e+02, 7.78348e-01],
       [1.29761e+02, 4.94245e+02, 8.17347e-01],
       [1.20060e+02, 5.23550e+02, 8.94369e-01],
       [1.12134e+02, 5.25548e+02, 8.97098e-01],
       [7.30439e+01, 5.15705e+02, 8.94130e-01]]))","(0, array([176.8404    , 403.1095    ,   0.47516524,   0.83930617,
       -58.86707693, 167.40202307, 471.41495386, 471.41495386]), array([[227.733   , 290.421   ,   0.985967],
       [188.55    , 310.087   ,   0.803617],
       [180.697   , 308.137   ,   0.89413 ],
       [221.839   , 353.102   ,   0.897684],
       [278.737   , 355.13    ,   0.813578],
       [196.432   , 311.987   ,   0.772283],
       [223.789   , 351.205   ,   0.568593],
       [268.926   , 353.184   ,   0.64442 ],
       [110.205   , 372.736   ,   0.799477],
       [ 96.4736  , 372.759   ,   0.787515],
       [145.535   , 447.125   ,   0.948228],
       [ 86.7695  , 507.917   ,   0.923622],
       [123.953   , 372.722   ,   0.735837],
       [184.716   , 409.968   ,   0.900049],
       [188.564   , 494.238   ,   0.875157],
       [223.837   , 282.642   ,   0.945539],
       [  0.      ,   0.      ,   0.      ],
       [202.259   , 282.567   ,   0.896652],
       [  0.      ,   0.      ,   0.      ],
       [229.731   , 507.837   ,   0.828492],
       [225.849   , 501.989   ,   0.748081],
       [178.84    , 505.985   ,   0.866504],
       [119.963   , 521.687   ,   0.901644],
       [110.213   , 523.652   ,   0.874984],
       [ 74.9438  , 511.783   ,   0.891989]]))","(0, array([ 1.97397500e+02,  4.06018500e+02,  4.41934483e-01,  8.09277435e-01,
       -5.60337308e+01,  1.52587269e+02,  5.06862462e+02,  5.06862462e+02]), array([[2.47389e+02, 2.92375e+02, 9.52127e-01],
       [2.10177e+02, 3.12016e+02, 7.53445e-01],
       [2.04275e+02, 3.11989e+02, 8.66433e-01],
       [2.62983e+02, 3.41417e+02, 8.62789e-01],
       [3.17881e+02, 3.37509e+02, 8.67948e-01],
       [2.17983e+02, 3.12000e+02, 6.67795e-01],
       [2.61061e+02, 3.49238e+02, 2.40836e-01],
       [3.04182e+02, 3.37508e+02, 2.93467e-01],
       [1.29801e+02, 3.74733e+02, 7.91736e-01],
       [1.16112e+02, 3.74688e+02, 7.80528e-01],
       [1.59126e+02, 4.54997e+02, 8.99261e-01],
       [8.87251e+01, 5.05946e+02, 9.15436e-01],
       [1.43524e+02, 3.76658e+02, 7.30882e-01],
       [2.08213e+02, 4.13808e+02, 9.33000e-01],
       [2.25851e+02, 4.96218e+02, 9.11717e-01],
       [2.43409e+02, 2.86535e+02, 9.74343e-01],
       [2.49352e+02, 2.86504e+02, 7.87186e-02],
       [2.21923e+02, 2.86500e+02, 9.30395e-01],
       [0.00000e+00, 0.00000e+00, 0.00000e+00],
       [2.62993e+02, 5.07968e+02, 8.95969e-01],
       [2.61053e+02, 5.03990e+02, 8.20476e-01],
       [2.19873e+02, 5.07924e+02, 8.71809e-01],
       [1.20035e+02, 5.23632e+02, 8.82331e-01],
       [1.10157e+02, 5.25537e+02, 8.92495e-01],
       [7.69140e+01, 5.07857e+02, 8.78163e-01]]))","(0, array([ 2.19902050e+02,  4.05041000e+02,  4.10803282e-01,  8.19225478e-01,
       -5.27345255e+01,  1.32404425e+02,  5.45273151e+02,  5.45273151e+02]), array([[2.70884e+02, 2.90374e+02, 9.79998e-01],
       [2.35616e+02, 3.09994e+02, 7.90972e-01],
       [2.25828e+02, 3.08050e+02, 8.83427e-01],
       [2.92386e+02, 3.29677e+02, 8.14914e-01],
       [3.57028e+02, 3.23743e+02, 8.04189e-01],
       [2.45392e+02, 3.10081e+02, 7.18588e-01],
       [2.96327e+02, 3.33522e+02, 4.49726e-01],
       [3.49244e+02, 3.25700e+02, 3.72025e-01],
       [1.55263e+02, 3.74697e+02, 7.96592e-01],
       [1.41564e+02, 3.72728e+02, 7.80863e-01],
       [1.70909e+02, 4.60931e+02, 9.14899e-01],
       [9.64465e+01, 5.02002e+02, 8.86626e-01],
       [1.68997e+02, 3.76675e+02, 7.50517e-01],
       [2.29755e+02, 4.17811e+02, 9.09744e-01],
       [2.39499e+02, 5.05925e+02, 9.09296e-01],
       [2.65036e+02, 2.84509e+02, 9.23536e-01],
       [0.00000e+00, 0.00000e+00, 0.00000e+00],
       [2.45359e+02, 2.84551e+02, 9.19360e-01],
       [0.00000e+00, 0.00000e+00, 0.00000e+00],
       [2.70917e+02, 5.21579e+02, 8.74914e-01],
       [2.70878e+02, 5.13825e+02, 8.27587e-01],
       [2.29736e+02, 5.15730e+02, 8.48764e-01],
       [1.20064e+02, 5.25573e+02, 8.98986e-01],
       [1.10167e+02, 5.25549e+02, 9.07309e-01],
       [8.27761e+01, 5.00113e+02, 8.79354e-01]]))","(0, array([ 2.39526500e+02,  3.99190500e+02,  3.84050068e-01,  8.00037913e-01,
       -5.21021423e+01,  1.07561858e+02,  5.83257285e+02,  5.83257285e+02]), array([[2.94392e+02, 2.78702e+02, 9.34446e-01],
       [2.61123e+02, 3.00248e+02, 7.35466e-01],
       [2.55156e+02, 2.98241e+02, 8.65951e-01],
       [3.17836e+02, 3.19824e+02, 8.51903e-01],
       [3.88454e+02, 3.17831e+02, 8.26862e-01],
       [2.70860e+02, 3.02179e+02, 6.42246e-01],
       [3.25725e+02, 3.25722e+02, 2.72349e-01],
       [3.80569e+02, 3.17931e+02, 1.57341e-01],
       [1.84618e+02, 3.72708e+02, 8.19397e-01],
       [1.70956e+02, 3.68884e+02, 8.01028e-01],
       [1.80748e+02, 4.60947e+02, 9.24860e-01],
       [1.02360e+02, 4.96108e+02, 9.08069e-01],
       [1.98334e+02, 3.74715e+02, 7.65878e-01],
       [2.55171e+02, 4.21659e+02, 9.02634e-01],
       [2.41482e+02, 5.05950e+02, 9.11131e-01],
       [2.90392e+02, 2.72867e+02, 9.83877e-01],
       [2.92377e+02, 2.72840e+02, 5.82591e-02],
       [2.70787e+02, 2.72895e+02, 9.27388e-01],
       [0.00000e+00, 0.00000e+00, 0.00000e+00],
       [2.74762e+02, 5.23539e+02, 8.67729e-01],
       [2.72874e+02, 5.17676e+02, 8.10140e-01],
       [2.29770e+02, 5.13822e+02, 8.37346e-01],
       [1.16148e+02, 5.25514e+02, 9.07157e-01],
       [1.06257e+02, 5.21686e+02, 9.02198e-01],
       [9.05990e+01, 4.94185e+02, 8.45476e-01]]))","(0, array([ 2.59057500e+02,  3.90397000e+02,  3.61966643e-01,  8.11808304e-01,
       -5.03632773e+01,  8.09762227e+01,  6.18841555e+02,  6.18841555e+02]), array([[3.19867e+02, 2.66887e+02, 9.18348e-01],
       [2.86589e+02, 2.86495e+02, 8.12232e-01],
       [2.82638e+02, 2.82587e+02, 8.50722e-01],
       [3.45256e+02, 3.08074e+02, 8.17043e-01],
       [4.17749e+02, 3.19756e+02, 8.47016e-01],
       [2.92444e+02, 2.88468e+02, 6.82474e-01],
       [3.41395e+02, 3.13980e+02, 4.68611e-01],
       [4.09962e+02, 3.17926e+02, 2.76648e-01],
       [2.13988e+02, 3.62959e+02, 8.47964e-01],
       [2.00315e+02, 3.60944e+02, 8.01391e-01],
       [1.84693e+02, 4.49142e+02, 9.06176e-01],
       [1.10209e+02, 4.92184e+02, 8.95998e-01],
       [2.27703e+02, 3.66807e+02, 7.97947e-01],
       [2.74726e+02, 4.23657e+02, 9.12900e-01],
       [2.43429e+02, 5.03955e+02, 9.06659e-01],
       [3.15957e+02, 2.59107e+02, 9.42135e-01],
       [0.00000e+00, 0.00000e+00, 0.00000e+00],
       [2.96326e+02, 2.57170e+02, 9.23806e-01],
       [0.00000e+00, 0.00000e+00, 0.00000e+00],
       [2.76698e+02, 5.23543e+02, 8.75880e-01],
       [2.74731e+02, 5.17705e+02, 8.00146e-01],
       [2.31704e+02, 5.09912e+02, 8.55847e-01],
       [1.18036e+02, 5.23624e+02, 9.06794e-01],
       [1.06269e+02, 5.19625e+02, 8.70264e-01],
       [1.00366e+02, 4.88355e+02, 7.54590e-01]]))","(0, array([ 2.69891000e+02,  3.81486500e+02,  3.48605392e-01,  7.79019391e-01,
       -5.13891711e+01,  6.02063289e+01,  6.42560342e+02,  6.42560342e+02]), array([[3.49194e+02, 2.47372e+02, 9.18924e-01],
       [3.11971e+02, 2.63088e+02, 7.59487e-01],
       [3.13907e+02, 2.63036e+02, 8.68815e-01],
       [3.68811e+02, 3.00297e+02, 8.29684e-01],
       [4.31487e+02, 3.25667e+02, 8.44686e-01],
       [3.08121e+02, 2.63008e+02, 6.34830e-01],
       [3.60991e+02, 3.00286e+02, 2.84941e-01],
       [4.21745e+02, 3.23817e+02, 1.28865e-01],
       [2.39517e+02, 3.47215e+02, 8.21289e-01],
       [2.27750e+02, 3.41410e+02, 8.09098e-01],
       [1.90519e+02, 4.21673e+02, 8.65021e-01],
       [1.27817e+02, 4.80555e+02, 8.88230e-01],
       [2.51223e+02, 3.51149e+02, 7.74040e-01],
       [2.86494e+02, 4.19763e+02, 9.04315e-01],
       [2.47414e+02, 4.94255e+02, 8.80930e-01],
       [3.45317e+02, 2.41438e+02, 9.32029e-01],
       [0.00000e+00, 0.00000e+00, 0.00000e+00],
       [3.25755e+02, 2.39454e+02, 9.25772e-01],
       [0.00000e+00, 0.00000e+00, 0.00000e+00],
       [2.72852e+02, 5.23519e+02, 8.82613e-01],
       [2.72880e+02, 5.15804e+02, 8.32330e-01],
       [2.37530e+02, 5.00094e+02, 8.59685e-01],
       [1.20014e+02, 5.21645e+02, 7.55957e-01],
       [1.08295e+02, 5.13790e+02, 7.35865e-01],
       [1.18100e+02, 4.80544e+02, 7.80040e-01]]))","(0, array([ 2.83587000e+02,  3.71722500e+02,  3.53796920e-01,  7.92881348e-01,
       -3.29787859e+01,  5.51567141e+01,  6.33131572e+02,  6.33131572e+02]), array([[3.80532e+02, 2.31646e+02, 9.22995e-01],
       [3.39419e+02, 2.43513e+02, 7.77981e-01],
       [3.41386e+02, 2.45354e+02, 8.88553e-01],
       [3.80554e+02, 2.90463e+02, 8.71233e-01],
       [4.33473e+02, 3.29676e+02, 8.23727e-01],
       [3.37432e+02, 2.43420e+02, 6.56531e-01],
       [3.74712e+02, 2.96292e+02, 2.88263e-01],
       [4.23715e+02, 3.25720e+02, 2.45742e-01],
       [2.65013e+02, 3.23712e+02, 8.17674e-01],
       [2.55186e+02, 3.17913e+02, 8.19309e-01],
       [2.10094e+02, 3.90421e+02, 8.77206e-01],
       [1.49435e+02, 4.55041e+02, 8.87545e-01],
       [2.76685e+02, 3.29599e+02, 7.89558e-01],
       [2.88430e+02, 4.08000e+02, 9.25494e-01],
       [2.55190e+02, 4.90264e+02, 8.94986e-01],
       [3.78560e+02, 2.23900e+02, 9.26400e-01],
       [0.00000e+00, 0.00000e+00, 0.00000e+00],
       [3.59078e+02, 2.21815e+02, 8.93317e-01],
       [0.00000e+00, 0.00000e+00, 0.00000e+00],
       [2.70897e+02, 5.21630e+02, 8.72498e-01],
       [2.74841e+02, 5.15739e+02, 8.61073e-01],
       [2.43407e+02, 4.94251e+02, 8.89942e-01],
       [1.45427e+02, 4.92202e+02, 7.87684e-01],
       [1.33701e+02, 4.84359e+02, 7.48174e-01],
       [1.43547e+02, 4.55052e+02, 7.70386e-01]]))","(0, array([ 2.91449000e+02,  3.57982000e+02,  3.65562714e-01,  8.03406478e-01,
       -1.49279790e+01,  5.16050210e+01,  6.12753958e+02,  6.12753958e+02]), array([[411.898   , 221.935   ,   0.919337],
       [366.921   , 231.673   ,   0.807789],
       [364.945   , 227.808   ,   0.874555],
       [386.402   , 282.576   ,   0.875259],
       [431.539   , 329.595   ,   0.739205],
       [372.718   , 235.624   ,   0.693705],
       [384.512   , 290.395   ,   0.61535 ],
       [429.508   , 325.691   ,   0.600633],
       [290.399   , 300.259   ,   0.84538 ],
       [278.658   , 292.43    ,   0.8191  ],
       [241.415   , 370.804   ,   0.893563],
       [172.915   , 425.631   ,   0.866483],
       [302.198   , 308.056   ,   0.801408],
       [288.468   , 390.342   ,   0.883998],
       [268.841   , 464.798   ,   0.886532],
       [409.989   , 213.994   ,   0.925409],
       [  0.      ,   0.      ,   0.      ],
       [392.342   , 208.093   ,   0.907245],
       [  0.      ,   0.      ,   0.      ],
       [272.778   , 507.871   ,   0.797685],
       [278.687   , 502.004   ,   0.724686],
       [257.094   , 468.724   ,   0.834894],
       [161.176   , 460.906   ,   0.751801],
       [151.359   , 451.161   ,   0.705128],
       [166.98    , 423.705   ,   0.709204]]))","(0, array([3.09082500e+02, 3.40412000e+02, 3.92022269e-01, 7.89426565e-01,
       2.33844443e+01, 5.47139443e+01, 5.71396111e+02, 5.71396111e+02]), array([[4.39372e+02, 2.15949e+02, 9.22845e-01],
       [3.96195e+02, 2.25726e+02, 8.37339e-01],
       [3.88355e+02, 2.17922e+02, 8.92735e-01],
       [3.96223e+02, 2.76711e+02, 8.91930e-01],
       [4.31515e+02, 3.27693e+02, 8.07974e-01],
       [4.02101e+02, 2.29738e+02, 7.92544e-01],
       [3.98225e+02, 2.84588e+02, 4.58777e-01],
       [4.29604e+02, 3.23796e+02, 4.06704e-01],
       [3.10032e+02, 2.78737e+02, 8.29260e-01],
       [3.00250e+02, 2.72785e+02, 8.34123e-01],
       [2.74796e+02, 3.55093e+02, 8.99974e-01],
       [2.04232e+02, 3.92329e+02, 8.63099e-01],
       [3.19877e+02, 2.88447e+02, 8.17245e-01],
       [3.08079e+02, 3.66795e+02, 8.72722e-01],
       [2.70821e+02, 4.37379e+02, 8.77814e-01],
       [4.39307e+02, 2.08188e+02, 9.25735e-01],
       [0.00000e+00, 0.00000e+00, 0.00000e+00],
       [4.19780e+02, 2.00318e+02, 9.02084e-01],
       [0.00000e+00, 0.00000e+00, 0.00000e+00],
       [2.70860e+02, 4.80506e+02, 6.40685e-01],
       [2.76793e+02, 4.74634e+02, 6.12108e-01],
       [2.57143e+02, 4.39329e+02, 8.23530e-01],
       [1.86623e+02, 4.25601e+02, 7.67121e-01],
       [1.78793e+02, 4.15871e+02, 7.72587e-01],
       [1.98378e+02, 3.88412e+02, 7.07876e-01]]))","(0, array([3.41377500e+02, 3.18892500e+02, 4.27982865e-01, 8.07379174e-01,
       7.96847803e+01, 5.71997803e+01, 5.23385439e+02, 5.23385439e+02]), array([[4.64829e+02, 2.12104e+02, 9.47224e-01],
       [4.17776e+02, 2.18012e+02, 8.63211e-01],
       [4.11937e+02, 2.10146e+02, 9.17037e-01],
       [4.08004e+02, 2.70849e+02, 8.82195e-01],
       [4.29620e+02, 3.25666e+02, 8.02173e-01],
       [4.27516e+02, 2.25848e+02, 8.32438e-01],
       [4.13907e+02, 2.74787e+02, 5.68943e-01],
       [4.31484e+02, 3.21779e+02, 4.83963e-01],
       [3.25717e+02, 2.59134e+02, 8.29280e-01],
       [3.17818e+02, 2.53234e+02, 8.21964e-01],
       [3.17917e+02, 3.37420e+02, 8.70367e-01],
       [2.37543e+02, 3.59005e+02, 8.86699e-01],
       [3.35538e+02, 2.66949e+02, 7.86646e-01],
       [3.33500e+02, 3.47240e+02, 8.85199e-01],
       [2.76703e+02, 4.04079e+02, 8.79748e-01],
       [4.64754e+02, 2.04225e+02, 9.23627e-01],
       [4.64808e+02, 2.10030e+02, 8.64245e-02],
       [4.47202e+02, 1.94518e+02, 8.96564e-01],
       [0.00000e+00, 0.00000e+00, 0.00000e+00],
       [2.74753e+02, 4.43267e+02, 6.73157e-01],
       [2.82586e+02, 4.39349e+02, 6.53223e-01],
       [2.65021e+02, 4.04040e+02, 7.50939e-01],
       [2.25836e+02, 3.90347e+02, 8.30113e-01],
       [2.17926e+02, 3.82511e+02, 8.04123e-01],
       [2.29740e+02, 3.53156e+02, 7.80888e-01]]))","(0, array([372.733     , 301.19      ,   0.48122508,   0.6855077 ,
       139.9936778 ,  68.4506778 , 465.47864441, 465.47864441]), array([[4.84387e+02, 2.10110e+02, 9.49510e-01],
       [4.33536e+02, 2.14009e+02, 8.66215e-01],
       [4.29543e+02, 2.02246e+02, 9.10638e-01],
       [4.21764e+02, 2.65020e+02, 8.31906e-01],
       [4.33486e+02, 3.23789e+02, 7.18424e-01],
       [4.43220e+02, 2.25757e+02, 8.09011e-01],
       [4.27603e+02, 2.72740e+02, 7.34416e-01],
       [4.33465e+02, 3.21842e+02, 7.45746e-01],
       [3.43320e+02, 2.41438e+02, 7.93172e-01],
       [3.35547e+02, 2.35633e+02, 8.24834e-01],
       [3.53220e+02, 3.19882e+02, 7.91624e-01],
       [2.78750e+02, 3.25772e+02, 4.82762e-01],
       [3.51138e+02, 2.45415e+02, 7.17941e-01],
       [3.60964e+02, 3.23714e+02, 8.48120e-01],
       [2.94351e+02, 3.66921e+02, 3.92361e-01],
       [4.84373e+02, 2.00323e+02, 9.18965e-01],
       [0.00000e+00, 0.00000e+00, 0.00000e+00],
       [4.66746e+02, 1.92455e+02, 9.10990e-01],
       [0.00000e+00, 0.00000e+00, 0.00000e+00],
       [2.88437e+02, 4.09925e+02, 4.93423e-01],
       [2.90493e+02, 4.06088e+02, 4.29082e-01],
       [2.78717e+02, 3.64899e+02, 2.13793e-01],
       [2.66946e+02, 3.55085e+02, 4.18087e-01],
       [2.61079e+02, 3.49252e+02, 4.53147e-01],
       [2.68915e+02, 3.19819e+02, 5.12510e-01]]))","(0, array([405.0645    , 277.725     ,   0.56395522,   0.76276352,
       206.46717217,  79.12767217, 397.19465567, 397.19465567]), array([[500.029   , 204.24    ,   0.9111  ],
       [451.137   , 206.253   ,   0.841947],
       [445.25    , 194.512   ,   0.920245],
       [433.513   , 262.983   ,   0.860858],
       [437.348   , 321.745   ,   0.712869],
       [458.961   , 216.037   ,   0.826961],
       [441.35    , 270.843   ,   0.696815],
       [437.335   , 317.877   ,   0.648713],
       [357.113   , 221.913   ,   0.767843],
       [351.197   , 219.935   ,   0.837948],
       [390.33    , 294.392   ,   0.806505],
       [319.885   , 292.454   ,   0.874014],
       [364.902   , 223.883   ,   0.676367],
       [392.318   , 304.134   ,   0.78344 ],
       [319.878   , 335.462   ,   0.836344],
       [500.102   , 194.52    ,   0.942423],
       [  0.      ,   0.      ,   0.      ],
       [482.457   , 184.698   ,   0.894427],
       [  0.      ,   0.      ,   0.      ],
       [310.027   , 370.752   ,   0.547497],
       [313.931   , 368.793   ,   0.525816],
       [310.073   , 331.636   ,   0.590173],
       [313.995   , 317.917   ,   0.572035],
       [310.031   , 312.037   ,   0.632178],
       [311.979   , 288.521   ,   0.837043]]))","(0, array([423.706     , 264.0115    ,   0.60468037,   0.63507335,
       238.48417902,  78.78967902, 370.44364196, 370.44364196]), array([[5.13836e+02, 1.98374e+02, 9.29119e-01],
       [4.64852e+02, 2.00327e+02, 8.41279e-01],
       [4.60906e+02, 1.86640e+02, 8.84819e-01],
       [4.47157e+02, 2.57171e+02, 8.37111e-01],
       [4.43248e+02, 3.15917e+02, 5.64730e-01],
       [4.74560e+02, 2.12107e+02, 8.09917e-01],
       [4.49183e+02, 2.66924e+02, 6.38465e-01],
       [4.43286e+02, 3.13977e+02, 6.96906e-01],
       [3.74653e+02, 2.14055e+02, 7.07086e-01],
       [3.68824e+02, 2.10181e+02, 8.33820e-01],
       [4.31573e+02, 2.76762e+02, 5.09316e-01],
       [3.55126e+02, 3.04132e+02, 4.62633e-01],
       [3.76699e+02, 2.17963e+02, 5.97282e-01],
       [4.23643e+02, 2.86527e+02, 6.04463e-01],
       [3.49234e+02, 2.96335e+02, 5.39379e-01],
       [5.13851e+02, 1.90523e+02, 9.25123e-01],
       [0.00000e+00, 0.00000e+00, 0.00000e+00],
       [4.98092e+02, 1.78818e+02, 9.19959e-01],
       [0.00000e+00, 0.00000e+00, 0.00000e+00],
       [3.37419e+02, 3.49205e+02, 4.65992e-01],
       [3.41356e+02, 3.43353e+02, 4.30831e-01],
       [3.35534e+02, 2.84561e+02, 4.81447e-01],
       [3.37479e+02, 3.41377e+02, 2.89982e-01],
       [3.33561e+02, 3.31614e+02, 2.49691e-01],
       [3.35557e+02, 2.92406e+02, 3.87337e-01]]))","(0, array([446.242     , 241.478     ,   0.70310738,   0.6460753 ,
       286.94911892,  82.18511892, 318.58576216, 318.58576216]), array([[5.29422e+02, 1.92548e+02, 9.30270e-01],
       [4.80541e+02, 1.92463e+02, 8.34205e-01],
       [4.76549e+02, 1.80707e+02, 9.06074e-01],
       [4.57002e+02, 2.43492e+02, 8.32848e-01],
       [4.47122e+02, 3.08141e+02, 7.54855e-01],
       [4.88342e+02, 2.02332e+02, 7.45059e-01],
       [4.58966e+02, 2.55207e+02, 5.53750e-01],
       [4.47220e+02, 3.02212e+02, 3.42157e-01],
       [3.92276e+02, 2.08187e+02, 7.01375e-01],
       [3.84530e+02, 2.06170e+02, 8.11713e-01],
       [4.51132e+02, 2.41472e+02, 4.81702e-01],
       [3.84520e+02, 2.65001e+02, 6.14233e-01],
       [3.98166e+02, 2.10149e+02, 5.93142e-01],
       [4.49128e+02, 2.61046e+02, 4.77118e-01],
       [3.76665e+02, 2.64990e+02, 6.76237e-01],
       [5.29515e+02, 1.82776e+02, 9.16567e-01],
       [0.00000e+00, 0.00000e+00, 0.00000e+00],
       [5.13822e+02, 1.74815e+02, 8.90221e-01],
       [0.00000e+00, 0.00000e+00, 0.00000e+00],
       [3.78637e+02, 3.02225e+02, 4.61510e-01],
       [3.80583e+02, 2.98301e+02, 4.41885e-01],
       [3.62969e+02, 2.59052e+02, 5.94549e-01],
       [3.72784e+02, 3.06100e+02, 3.96247e-01],
       [3.70742e+02, 2.98295e+02, 3.24369e-01],
       [3.68798e+02, 2.61010e+02, 5.79646e-01]]))","(0, array([471.693     , 230.747     ,   0.75011299,   0.58822724,
       322.38216057,  81.43616057, 298.62167885, 298.62167885]), array([[5.45204e+02, 1.86601e+02, 9.07128e-01],
       [4.96160e+02, 1.80708e+02, 7.68551e-01],
       [4.94143e+02, 1.72950e+02, 8.76490e-01],
       [4.68751e+02, 2.37546e+02, 8.58435e-01],
       [4.56990e+02, 2.96346e+02, 8.52425e-01],
       [5.00127e+02, 1.86659e+02, 6.16407e-01],
       [4.86312e+02, 2.49295e+02, 1.27877e-01],
       [0.00000e+00, 0.00000e+00, 0.00000e+00],
       [4.09990e+02, 2.02250e+02, 6.19371e-01],
       [4.06091e+02, 1.98325e+02, 7.33776e-01],
       [4.88277e+02, 2.41489e+02, 2.59137e-01],
       [4.15892e+02, 2.64972e+02, 2.57404e-01],
       [4.13857e+02, 2.04280e+02, 5.23831e-01],
       [4.82432e+02, 2.53255e+02, 3.75134e-01],
       [4.07959e+02, 2.57110e+02, 7.45160e-01],
       [5.47150e+02, 1.78740e+02, 9.39175e-01],
       [0.00000e+00, 0.00000e+00, 0.00000e+00],
       [5.31399e+02, 1.65148e+02, 8.90645e-01],
       [0.00000e+00, 0.00000e+00, 0.00000e+00],
       [4.06052e+02, 2.94354e+02, 4.91512e-01],
       [4.09984e+02, 2.90449e+02, 5.17300e-01],
       [3.96236e+02, 2.47351e+02, 7.06647e-01],
       [4.21674e+02, 2.88482e+02, 1.27109e-01],
       [0.00000e+00, 0.00000e+00, 0.00000e+00],
       [4.00114e+02, 2.49316e+02, 1.59258e-01]]))","(0, array([495.156     , 228.7555    ,   0.76251903,   0.69168333,
       348.27442017,  81.87392017, 293.76315966, 293.76315966]), array([[5.62754e+02, 1.78799e+02, 9.16292e-01],
       [5.17648e+02, 1.67042e+02, 6.83848e-01],
       [5.13806e+02, 1.65050e+02, 8.82499e-01],
       [4.86310e+02, 2.21911e+02, 9.12893e-01],
       [4.68704e+02, 2.76713e+02, 8.04566e-01],
       [5.17741e+02, 1.68946e+02, 5.28841e-01],
       [0.00000e+00, 0.00000e+00, 0.00000e+00],
       [0.00000e+00, 0.00000e+00, 0.00000e+00],
       [4.29532e+02, 1.98337e+02, 5.81534e-01],
       [4.27519e+02, 1.98340e+02, 7.58758e-01],
       [5.19654e+02, 2.14117e+02, 7.00297e-01],
       [4.58943e+02, 2.84586e+02, 3.11898e-01],
       [4.31500e+02, 1.98328e+02, 5.12345e-01],
       [5.15710e+02, 2.16015e+02, 5.70805e-01],
       [4.35410e+02, 2.53259e+02, 8.18611e-01],
       [5.64716e+02, 1.70958e+02, 8.86073e-01],
       [0.00000e+00, 0.00000e+00, 0.00000e+00],
       [5.49073e+02, 1.59216e+02, 8.72833e-01],
       [0.00000e+00, 0.00000e+00, 0.00000e+00],
       [4.49147e+02, 2.70885e+02, 5.69031e-01],
       [0.00000e+00, 0.00000e+00, 0.00000e+00],
       [4.25596e+02, 2.53251e+02, 8.68159e-01],
       [0.00000e+00, 0.00000e+00, 0.00000e+00],
       [0.00000e+00, 0.00000e+00, 0.00000e+00],
       [4.53075e+02, 2.98295e+02, 2.71017e-01]]))","(0, array([516.743     , 232.6405    ,   0.69920774,   0.73775579,
       356.56170624,  72.45920624, 320.36258753, 320.36258753]), array([[5.84303e+02, 1.68934e+02, 9.14463e-01],
       [5.37249e+02, 1.59205e+02, 7.55984e-01],
       [5.33328e+02, 1.57254e+02, 8.70866e-01],
       [4.96228e+02, 2.08152e+02, 9.14655e-01],
       [4.70664e+02, 2.64990e+02, 8.31839e-01],
       [5.39306e+02, 1.59201e+02, 6.53471e-01],
       [0.00000e+00, 0.00000e+00, 0.00000e+00],
       [0.00000e+00, 0.00000e+00, 0.00000e+00],
       [4.55004e+02, 2.00286e+02, 6.14959e-01],
       [4.49150e+02, 2.00377e+02, 7.51194e-01],
       [5.39242e+02, 2.16005e+02, 8.99556e-01],
       [5.03972e+02, 2.90431e+02, 8.44770e-01],
       [4.57012e+02, 1.98357e+02, 5.15187e-01],
       [5.23599e+02, 2.23819e+02, 4.81920e-01],
       [4.78499e+02, 2.74795e+02, 4.32846e-01],
       [5.84336e+02, 1.61153e+02, 9.27767e-01],
       [0.00000e+00, 0.00000e+00, 0.00000e+00],
       [5.68593e+02, 1.49353e+02, 9.10175e-01],
       [0.00000e+00, 0.00000e+00, 0.00000e+00],
       [5.23604e+02, 3.00333e+02, 7.32205e-02],
       [0.00000e+00, 0.00000e+00, 0.00000e+00],
       [4.72596e+02, 2.80615e+02, 3.13157e-01],
       [5.35302e+02, 3.15900e+02, 8.38387e-01],
       [5.23568e+02, 3.15928e+02, 7.69418e-01],
       [4.92215e+02, 2.94329e+02, 7.76746e-01]]))","(0, array([537.3275    , 237.5625    ,   0.63883434,   0.78478667,
       362.00818259,  62.24318259, 350.63863482, 350.63863482]), array([[6.01898e+02, 1.61137e+02, 9.31489e-01],
       [5.52984e+02, 1.51315e+02, 7.89744e-01],
       [5.49092e+02, 1.51321e+02, 8.76299e-01],
       [5.09814e+02, 1.94490e+02, 9.23785e-01],
       [4.78480e+02, 2.51238e+02, 8.49297e-01],
       [5.54975e+02, 1.53270e+02, 6.70537e-01],
       [0.00000e+00, 0.00000e+00, 0.00000e+00],
       [0.00000e+00, 0.00000e+00, 0.00000e+00],
       [4.76517e+02, 2.02342e+02, 6.32678e-01],
       [4.72681e+02, 2.08176e+02, 7.44519e-01],
       [5.60789e+02, 2.27695e+02, 8.79505e-01],
       [5.39289e+02, 3.11964e+02, 8.52073e-01],
       [4.76541e+02, 1.98375e+02, 4.95786e-01],
       [5.52979e+02, 2.27799e+02, 7.99665e-01],
       [5.09830e+02, 2.86564e+02, 8.75312e-01],
       [6.01974e+02, 1.51364e+02, 9.26392e-01],
       [0.00000e+00, 0.00000e+00, 0.00000e+00],
       [5.86323e+02, 1.39563e+02, 9.06304e-01],
       [0.00000e+00, 0.00000e+00, 0.00000e+00],
       [5.25497e+02, 3.08105e+02, 4.80912e-01],
       [5.23600e+02, 3.04085e+02, 4.13577e-01],
       [5.00053e+02, 2.90398e+02, 8.55275e-01],
       [5.68648e+02, 3.35509e+02, 8.74185e-01],
       [5.56889e+02, 3.35562e+02, 8.36979e-01],
       [5.31414e+02, 3.15868e+02, 8.66207e-01]]))","(0, array([553.9655    , 245.389     ,   0.57142218,   0.75583924,
       357.96330862,  49.38680862, 392.00438277, 392.00438277]), array([[6.19564e+02, 1.51387e+02, 9.42199e-01],
       [5.70589e+02, 1.45472e+02, 8.12171e-01],
       [5.66682e+02, 1.45416e+02, 8.78156e-01],
       [5.23600e+02, 1.84612e+02, 9.45949e-01],
       [4.88279e+02, 2.33655e+02, 8.66295e-01],
       [5.74507e+02, 1.45462e+02, 6.85550e-01],
       [0.00000e+00, 0.00000e+00, 0.00000e+00],
       [0.00000e+00, 0.00000e+00, 0.00000e+00],
       [5.02019e+02, 2.08179e+02, 6.84778e-01],
       [4.98110e+02, 2.08212e+02, 7.58036e-01],
       [5.84276e+02, 2.43426e+02, 8.61058e-01],
       [5.70617e+02, 3.33599e+02, 8.37925e-01],
       [5.03979e+02, 2.08133e+02, 5.43554e-01],
       [5.76511e+02, 2.41522e+02, 8.01787e-01],
       [5.47064e+02, 3.08036e+02, 8.43719e-01],
       [6.19652e+02, 1.43553e+02, 9.44416e-01],
       [0.00000e+00, 0.00000e+00, 0.00000e+00],
       [6.03974e+02, 1.31757e+02, 9.32337e-01],
       [0.00000e+00, 0.00000e+00, 0.00000e+00],
       [5.60854e+02, 3.23812e+02, 1.85943e-01],
       [5.66613e+02, 3.17819e+02, 1.54173e-01],
       [5.37283e+02, 3.10105e+02, 8.46856e-01],
       [6.01961e+02, 3.57084e+02, 8.05650e-01],
       [5.90144e+02, 3.59021e+02, 7.65407e-01],
       [5.62729e+02, 3.37524e+02, 7.76665e-01]]))","(0, array([5.63758500e+02, 2.57111500e+02, 5.13465183e-01, 7.78539850e-01,
       3.45632707e+02, 3.89857073e+01, 4.36251585e+02, 4.36251585e+02]), array([[6.33360e+02, 1.47426e+02, 9.50017e-01],
       [5.84337e+02, 1.41532e+02, 7.75527e-01],
       [5.84262e+02, 1.43467e+02, 8.78315e-01],
       [5.39249e+02, 1.76865e+02, 9.15459e-01],
       [4.94149e+02, 2.25859e+02, 9.22300e-01],
       [5.82380e+02, 1.35741e+02, 6.86729e-01],
       [5.35365e+02, 1.70982e+02, 7.94803e-02],
       [4.92245e+02, 2.23865e+02, 1.20524e-01],
       [5.25557e+02, 2.21881e+02, 7.52919e-01],
       [5.25491e+02, 2.23836e+02, 7.96974e-01],
       [6.03926e+02, 2.61018e+02, 8.91773e-01],
       [5.98059e+02, 3.55137e+02, 8.00989e-01],
       [5.27512e+02, 2.19903e+02, 6.02832e-01],
       [6.03934e+02, 2.53190e+02, 7.67885e-01],
       [5.84355e+02, 3.37454e+02, 7.69195e-01],
       [6.35272e+02, 1.37655e+02, 9.29377e-01],
       [0.00000e+00, 0.00000e+00, 0.00000e+00],
       [6.19548e+02, 1.29749e+02, 9.41700e-01],
       [0.00000e+00, 0.00000e+00, 0.00000e+00],
       [6.15694e+02, 3.62967e+02, 9.74266e-02],
       [0.00000e+00, 0.00000e+00, 0.00000e+00],
       [5.72563e+02, 3.43302e+02, 6.16770e-01],
       [6.33257e+02, 3.82520e+02, 8.46304e-01],
       [6.19640e+02, 3.84474e+02, 8.20349e-01],
       [5.90146e+02, 3.62921e+02, 7.84859e-01]]))","(0, array([5.85305500e+02, 2.66966500e+02, 4.63524873e-01, 6.85344913e-01,
       3.43678769e+02, 2.53397686e+01, 4.83253463e+02, 4.83253463e+02]), array([[6.48942e+02, 1.45511e+02, 9.38919e-01],
       [6.00032e+02, 1.43459e+02, 7.86089e-01],
       [5.98070e+02, 1.45428e+02, 8.66475e-01],
       [5.50953e+02, 1.72908e+02, 8.93853e-01],
       [5.07943e+02, 2.18013e+02, 9.01363e-01],
       [6.00007e+02, 1.37652e+02, 7.18678e-01],
       [5.47096e+02, 1.74810e+02, 1.45634e-01],
       [5.05998e+02, 2.17972e+02, 2.55684e-01],
       [5.50974e+02, 2.29768e+02, 7.72114e-01],
       [5.50978e+02, 2.31691e+02, 8.00243e-01],
       [6.23538e+02, 2.82566e+02, 8.32499e-01],
       [6.31276e+02, 3.80607e+02, 7.51793e-01],
       [5.50997e+02, 2.29711e+02, 6.44106e-01],
       [6.23530e+02, 2.78670e+02, 8.07082e-01],
       [6.19609e+02, 3.64947e+02, 7.13368e-01],
       [6.48969e+02, 1.35720e+02, 9.24232e-01],
       [0.00000e+00, 0.00000e+00, 0.00000e+00],
       [6.33254e+02, 1.25932e+02, 9.28507e-01],
       [0.00000e+00, 0.00000e+00, 0.00000e+00],
       [6.58777e+02, 4.02080e+02, 1.80594e-01],
       [6.56776e+02, 3.94286e+02, 1.62580e-01],
       [6.07826e+02, 3.70834e+02, 5.41997e-01],
       [6.64613e+02, 4.04139e+02, 7.70249e-01],
       [6.52917e+02, 4.08001e+02, 7.24409e-01],
       [6.21532e+02, 3.88400e+02, 7.02465e-01]]))","(0, array([6.07830500e+02, 2.81571000e+02, 4.27120161e-01, 7.34115409e-01,
       3.45609209e+02, 1.93497090e+01, 5.24442582e+02, 5.24442582e+02]), array([[6.62707e+02, 1.47366e+02, 9.28012e-01],
       [6.15690e+02, 1.47373e+02, 8.02109e-01],
       [6.13732e+02, 1.47428e+02, 8.69652e-01],
       [5.56928e+02, 1.70987e+02, 8.94574e-01],
       [5.21648e+02, 2.19938e+02, 8.11419e-01],
       [6.17634e+02, 1.45446e+02, 7.30802e-01],
       [5.52935e+02, 1.72868e+02, 5.05309e-01],
       [5.19656e+02, 2.19924e+02, 6.36135e-01],
       [5.78417e+02, 2.47300e+02, 7.65848e-01],
       [5.76470e+02, 2.49263e+02, 7.95099e-01],
       [6.44999e+02, 3.06059e+02, 8.42450e-01],
       [6.58789e+02, 4.02069e+02, 7.48452e-01],
       [5.80397e+02, 2.45355e+02, 6.94881e-01],
       [6.43091e+02, 3.06087e+02, 7.42980e-01],
       [6.54806e+02, 3.98174e+02, 6.86779e-01],
       [6.62669e+02, 1.37602e+02, 9.21943e-01],
       [0.00000e+00, 0.00000e+00, 0.00000e+00],
       [6.45062e+02, 1.29720e+02, 9.19192e-01],
       [0.00000e+00, 0.00000e+00, 0.00000e+00],
       [6.88208e+02, 4.27566e+02, 3.03264e-01],
       [0.00000e+00, 0.00000e+00, 0.00000e+00],
       [6.45066e+02, 4.06066e+02, 3.91925e-01],
       [6.96005e+02, 4.29575e+02, 7.80285e-01],
       [6.84227e+02, 4.33422e+02, 7.27919e-01],
       [6.50928e+02, 4.09959e+02, 6.51510e-01]]))","(0, array([6.31312500e+02, 2.93422500e+02, 3.96093686e-01, 7.35409304e-01,
       3.48551113e+02, 1.06611131e+01, 5.65522774e+02, 5.65522774e+02]), array([[6.76365e+02, 1.51333e+02, 9.42860e-01],
       [6.29392e+02, 1.55320e+02, 7.78815e-01],
       [6.29418e+02, 1.55269e+02, 8.50043e-01],
       [5.66683e+02, 1.72919e+02, 8.48594e-01],
       [5.29464e+02, 2.21825e+02, 8.36388e-01],
       [6.29387e+02, 1.57180e+02, 7.16582e-01],
       [5.70578e+02, 1.78850e+02, 7.91118e-01],
       [5.49019e+02, 2.33657e+02, 8.29670e-01],
       [6.03862e+02, 2.62988e+02, 7.65643e-01],
       [6.03879e+02, 2.64953e+02, 7.81627e-01],
       [6.62631e+02, 3.37413e+02, 8.61921e-01],
       [6.88160e+02, 4.29497e+02, 8.11341e-01],
       [6.03883e+02, 2.61047e+02, 6.38085e-01],
       [6.58760e+02, 3.37477e+02, 7.39900e-01],
       [6.86174e+02, 4.25595e+02, 6.59233e-01],
       [6.76360e+02, 1.43556e+02, 9.28246e-01],
       [0.00000e+00, 0.00000e+00, 0.00000e+00],
       [6.58765e+02, 1.33798e+02, 9.11345e-01],
       [0.00000e+00, 0.00000e+00, 0.00000e+00],
       [7.25354e+02, 4.45277e+02, 3.35962e-01],
       [7.25385e+02, 4.39395e+02, 3.03205e-01],
       [6.78400e+02, 4.35415e+02, 3.21662e-01],
       [7.33161e+02, 4.47228e+02, 8.17454e-01],
       [7.21438e+02, 4.53047e+02, 7.35974e-01],
       [6.82283e+02, 4.37433e+02, 7.08746e-01]]))","(0, array([6.53898500e+02, 3.11064000e+02, 3.86039579e-01, 7.56369727e-01,
       3.63772808e+02, 2.09383081e+01, 5.80251384e+02, 5.80251384e+02]), array([[6.86255e+02, 1.63127e+02, 9.49722e-01],
       [6.44999e+02, 1.72895e+02, 8.00638e-01],
       [6.41154e+02, 1.70968e+02, 8.45713e-01],
       [5.80429e+02, 1.82742e+02, 8.85874e-01],
       [5.49099e+02, 2.31733e+02, 8.52230e-01],
       [6.47021e+02, 1.74799e+02, 7.53081e-01],
       [5.86328e+02, 1.96414e+02, 6.61871e-01],
       [5.70652e+02, 2.47385e+02, 8.00054e-01],
       [6.33328e+02, 2.82655e+02, 7.80999e-01],
       [6.31340e+02, 2.86486e+02, 7.79858e-01],
       [6.78411e+02, 3.64848e+02, 8.10930e-01],
       [7.17575e+02, 4.51084e+02, 7.79483e-01],
       [6.37184e+02, 2.80703e+02, 6.59198e-01],
       [6.78402e+02, 3.64849e+02, 7.45817e-01],
       [7.11664e+02, 4.47152e+02, 7.51224e-01],
       [6.86208e+02, 1.55235e+02, 9.33658e-01],
       [0.00000e+00, 0.00000e+00, 0.00000e+00],
       [6.70468e+02, 1.47473e+02, 9.46501e-01],
       [0.00000e+00, 0.00000e+00, 0.00000e+00],
       [7.48845e+02, 4.68705e+02, 2.34029e-01],
       [0.00000e+00, 0.00000e+00, 0.00000e+00],
       [7.05823e+02, 4.58874e+02, 4.65016e-01],
       [7.58698e+02, 4.70671e+02, 8.09280e-01],
       [7.46978e+02, 4.74655e+02, 7.48658e-01],
       [7.15586e+02, 4.60919e+02, 6.46300e-01]]))","(0, array([6.75445500e+02, 3.37421000e+02, 3.74870241e-01, 7.76508136e-01,
       3.76675451e+02, 3.86509515e+01, 5.97540097e+02, 5.97540097e+02]), array([[7.03794e+02, 1.80671e+02, 9.24927e-01],
       [6.60712e+02, 1.94508e+02, 7.84514e-01],
       [6.60677e+02, 1.94498e+02, 8.37261e-01],
       [5.99992e+02, 2.08230e+02, 8.58949e-01],
       [5.70657e+02, 2.57192e+02, 8.60483e-01],
       [6.60761e+02, 1.94474e+02, 6.76426e-01],
       [6.03912e+02, 2.17945e+02, 6.66763e-01],
       [5.94146e+02, 2.76766e+02, 8.22355e-01],
       [6.60748e+02, 3.06175e+02, 7.91274e-01],
       [6.54817e+02, 3.08133e+02, 7.84462e-01],
       [7.03779e+02, 3.86425e+02, 8.25440e-01],
       [7.42950e+02, 4.80501e+02, 8.12250e-01],
       [6.66594e+02, 3.06070e+02, 7.28488e-01],
       [7.05796e+02, 3.86440e+02, 8.02549e-01],
       [7.27319e+02, 4.72647e+02, 8.36566e-01],
       [7.01840e+02, 1.70935e+02, 9.12930e-01],
       [0.00000e+00, 0.00000e+00, 0.00000e+00],
       [6.84191e+02, 1.66989e+02, 9.57569e-01],
       [0.00000e+00, 0.00000e+00, 0.00000e+00],
       [7.66535e+02, 5.02026e+02, 1.38435e-01],
       [0.00000e+00, 0.00000e+00, 0.00000e+00],
       [7.21405e+02, 4.80538e+02, 6.50152e-01],
       [7.80234e+02, 5.03966e+02, 8.59416e-01],
       [7.66565e+02, 5.07853e+02, 8.32831e-01],
       [7.37138e+02, 4.90252e+02, 7.19139e-01]]))","(0, array([6.95005500e+02, 3.60967000e+02, 3.93346442e-01, 7.62537591e-01,
       4.10269227e+02, 7.62307268e+01, 5.69472546e+02, 5.69472546e+02]), array([[7.17555e+02, 2.00290e+02, 9.27385e-01],
       [6.74470e+02, 2.21922e+02, 8.15492e-01],
       [6.78359e+02, 2.23837e+02, 8.65664e-01],
       [6.21608e+02, 2.43482e+02, 8.41123e-01],
       [6.09807e+02, 3.10032e+02, 5.64516e-01],
       [6.72452e+02, 2.19971e+02, 6.87937e-01],
       [6.19615e+02, 2.47355e+02, 6.58220e-01],
       [6.05845e+02, 3.06132e+02, 6.43279e-01],
       [6.80323e+02, 3.33587e+02, 7.84368e-01],
       [6.78314e+02, 3.35573e+02, 7.93845e-01],
       [7.39055e+02, 4.07941e+02, 8.20209e-01],
       [7.50807e+02, 5.05950e+02, 8.21864e-01],
       [6.84207e+02, 3.33504e+02, 6.68141e-01],
       [7.29289e+02, 4.08041e+02, 8.39925e-01],
       [7.39090e+02, 4.94262e+02, 7.99211e-01],
       [7.15585e+02, 1.92488e+02, 9.41833e-01],
       [0.00000e+00, 0.00000e+00, 0.00000e+00],
       [6.97992e+02, 1.92426e+02, 9.43370e-01],
       [0.00000e+00, 0.00000e+00, 0.00000e+00],
       [7.66575e+02, 5.19722e+02, 1.60521e-01],
       [0.00000e+00, 0.00000e+00, 0.00000e+00],
       [7.29326e+02, 5.05905e+02, 6.95439e-01],
       [7.84166e+02, 5.27500e+02, 8.57523e-01],
       [7.72408e+02, 5.29508e+02, 8.16601e-01],
       [7.43015e+02, 5.13791e+02, 8.29361e-01]]))","(0, array([7.02878000e+02, 3.72744000e+02, 4.20651900e-01, 8.04312909e-01,
       4.36624596e+02, 1.06490596e+02, 5.32506807e+02, 5.32506807e+02]), array([[7.37093e+02, 2.23875e+02, 9.09806e-01],
       [6.92090e+02, 2.51220e+02, 8.51744e-01],
       [6.98026e+02, 2.51266e+02, 8.95781e-01],
       [6.58738e+02, 2.96310e+02, 8.59193e-01],
       [6.47019e+02, 3.59048e+02, 8.85043e-01],
       [6.86151e+02, 2.47412e+02, 7.54404e-01],
       [6.37250e+02, 2.86490e+02, 8.66815e-01],
       [6.21547e+02, 3.39430e+02, 8.56544e-01],
       [6.97955e+02, 3.61020e+02, 7.65901e-01],
       [6.97915e+02, 3.64880e+02, 7.84653e-01],
       [7.64547e+02, 4.27640e+02, 8.74807e-01],
       [7.46892e+02, 5.13852e+02, 8.50938e-01],
       [6.99937e+02, 3.59013e+02, 6.28416e-01],
       [7.58648e+02, 4.25595e+02, 7.92948e-01],
       [7.35168e+02, 5.09826e+02, 8.30503e-01],
       [7.33185e+02, 2.14080e+02, 9.10895e-01],
       [0.00000e+00, 0.00000e+00, 0.00000e+00],
       [7.13684e+02, 2.14092e+02, 9.50543e-01],
       [0.00000e+00, 0.00000e+00, 0.00000e+00],
       [7.74349e+02, 5.19714e+02, 2.04177e-01],
       [0.00000e+00, 0.00000e+00, 0.00000e+00],
       [7.25377e+02, 5.17676e+02, 6.73896e-01],
       [7.84209e+02, 5.27488e+02, 8.48757e-01],
       [7.76275e+02, 5.31408e+02, 8.42116e-01],
       [7.37075e+02, 5.23616e+02, 8.57004e-01]]))","(0, array([7.18477000e+02, 3.80550000e+02, 4.53687950e-01, 8.22826682e-01,
       4.71611286e+02, 1.33684286e+02, 4.93731429e+02, 4.93731429e+02]), array([[7.52769e+02, 2.39466e+02, 9.18204e-01],
       [7.07707e+02, 2.70800e+02, 8.80379e-01],
       [7.15540e+02, 2.70839e+02, 9.10709e-01],
       [6.93969e+02, 3.25707e+02, 8.88022e-01],
       [6.80371e+02, 3.88460e+02, 8.69857e-01],
       [6.96043e+02, 2.68838e+02, 8.37610e-01],
       [6.64624e+02, 3.21747e+02, 8.31338e-01],
       [6.50894e+02, 3.78574e+02, 8.59583e-01],
       [7.05767e+02, 3.74713e+02, 7.41335e-01],
       [7.11669e+02, 3.74702e+02, 7.93529e-01],
       [7.86060e+02, 4.33542e+02, 8.96676e-01],
       [7.48848e+02, 5.13822e+02, 8.70033e-01],
       [6.99884e+02, 3.74742e+02, 6.10659e-01],
       [7.72325e+02, 4.29567e+02, 8.09779e-01],
       [7.35221e+02, 5.07946e+02, 8.71933e-01],
       [7.48850e+02, 2.29684e+02, 9.25509e-01],
       [0.00000e+00, 0.00000e+00, 0.00000e+00],
       [7.29339e+02, 2.29707e+02, 9.55317e-01],
       [0.00000e+00, 0.00000e+00, 0.00000e+00],
       [7.70455e+02, 5.17759e+02, 1.69265e-01],
       [0.00000e+00, 0.00000e+00, 0.00000e+00],
       [7.25404e+02, 5.13807e+02, 7.51249e-01],
       [7.84202e+02, 5.27542e+02, 9.06522e-01],
       [7.74393e+02, 5.31416e+02, 9.02568e-01],
       [7.37137e+02, 5.21662e+02, 9.02111e-01]]))","(0, array([7.39125500e+02, 3.83515000e+02, 4.79432298e-01, 8.08980227e-01,
       5.05515874e+02, 1.49905374e+02, 4.67219253e+02, 4.67219253e+02]), array([[7.62654e+02, 2.43477e+02, 9.43494e-01],
       [7.15627e+02, 2.74777e+02, 8.90380e-01],
       [7.27351e+02, 2.76729e+02, 9.11173e-01],
       [7.17536e+02, 3.35484e+02, 9.02855e-01],
       [7.23430e+02, 4.04072e+02, 8.82447e-01],
       [7.05823e+02, 2.72828e+02, 8.67200e-01],
       [6.88183e+02, 3.33594e+02, 7.89812e-01],
       [6.92089e+02, 3.82537e+02, 6.29952e-01],
       [7.13671e+02, 3.82487e+02, 7.37749e-01],
       [7.21468e+02, 3.82471e+02, 7.62092e-01],
       [7.90068e+02, 4.37342e+02, 8.95040e-01],
       [7.50831e+02, 5.11868e+02, 8.58872e-01],
       [7.03876e+02, 3.80585e+02, 6.29210e-01],
       [7.74341e+02, 4.33416e+02, 7.85630e-01],
       [7.39057e+02, 5.05984e+02, 8.64942e-01],
       [7.60657e+02, 2.35641e+02, 9.22154e-01],
       [0.00000e+00, 0.00000e+00, 0.00000e+00],
       [7.42957e+02, 2.35607e+02, 9.34965e-01],
       [0.00000e+00, 0.00000e+00, 0.00000e+00],
       [7.70490e+02, 5.17761e+02, 1.63252e-01],
       [0.00000e+00, 0.00000e+00, 0.00000e+00],
       [7.27335e+02, 5.11800e+02, 7.67606e-01],
       [7.86064e+02, 5.29412e+02, 8.93843e-01],
       [7.74383e+02, 5.31423e+02, 8.98318e-01],
       [7.39053e+02, 5.19618e+02, 8.66579e-01]]))","(0, array([7.48939500e+02, 3.83481500e+02, 4.86710510e-01, 8.15742000e-01,
       5.18823245e+02, 1.53365245e+02, 4.60232510e+02, 4.60232510e+02]), array([[7.72420e+02, 2.43419e+02, 9.51930e-01],
       [7.29248e+02, 2.70893e+02, 9.03610e-01],
       [7.40987e+02, 2.74712e+02, 9.36179e-01],
       [7.39038e+02, 3.35567e+02, 9.11554e-01],
       [7.58697e+02, 3.98157e+02, 9.27496e-01],
       [7.17524e+02, 2.68908e+02, 8.20012e-01],
       [0.00000e+00, 0.00000e+00, 0.00000e+00],
       [0.00000e+00, 0.00000e+00, 0.00000e+00],
       [7.15553e+02, 3.76679e+02, 7.44731e-01],
       [7.21482e+02, 3.78625e+02, 7.65640e-01],
       [7.92043e+02, 4.39303e+02, 8.57794e-01],
       [7.50816e+02, 5.11878e+02, 8.47690e-01],
       [7.05836e+02, 3.74734e+02, 5.87386e-01],
       [7.82230e+02, 4.27628e+02, 7.84729e-01],
       [7.39096e+02, 5.05894e+02, 8.59815e-01],
       [7.70414e+02, 2.35572e+02, 8.95914e-01],
       [0.00000e+00, 0.00000e+00, 0.00000e+00],
       [7.52776e+02, 2.35537e+02, 9.03877e-01],
       [0.00000e+00, 0.00000e+00, 0.00000e+00],
       [7.74338e+02, 5.15792e+02, 1.97273e-01],
       [0.00000e+00, 0.00000e+00, 0.00000e+00],
       [7.27352e+02, 5.09909e+02, 7.68599e-01],
       [7.86070e+02, 5.29423e+02, 8.90706e-01],
       [7.74395e+02, 5.31426e+02, 8.86740e-01],
       [7.37159e+02, 5.17763e+02, 8.73165e-01]]))","(0, array([7.51866500e+02, 3.79627500e+02, 4.76070956e-01, 7.91317810e-01,
       5.16607452e+02, 1.44368452e+02, 4.70518097e+02, 4.70518097e+02]), array([[7.80255e+02, 2.39472e+02, 9.17612e-01],
       [7.33258e+02, 2.68858e+02, 8.83865e-01],
       [7.46912e+02, 2.68904e+02, 9.16844e-01],
       [7.56780e+02, 3.31535e+02, 9.16519e-01],
       [7.94019e+02, 3.84525e+02, 9.13824e-01],
       [7.21461e+02, 2.65031e+02, 8.16313e-01],
       [7.19535e+02, 3.27698e+02, 1.15977e-01],
       [7.41102e+02, 3.53109e+02, 5.57742e-02],
       [7.17596e+02, 3.72712e+02, 7.76903e-01],
       [7.27310e+02, 3.72754e+02, 8.18512e-01],
       [7.93965e+02, 4.35404e+02, 8.98888e-01],
       [7.50880e+02, 5.11843e+02, 8.45834e-01],
       [7.09714e+02, 3.72705e+02, 6.74405e-01],
       [7.76375e+02, 4.27574e+02, 7.44947e-01],
       [7.37180e+02, 5.05927e+02, 8.64441e-01],
       [7.78238e+02, 2.29686e+02, 9.27912e-01],
       [0.00000e+00, 0.00000e+00, 0.00000e+00],
       [7.58752e+02, 2.27832e+02, 9.86775e-01],
       [0.00000e+00, 0.00000e+00, 0.00000e+00],
       [7.70474e+02, 5.17734e+02, 1.59805e-01],
       [0.00000e+00, 0.00000e+00, 0.00000e+00],
       [7.27315e+02, 5.09953e+02, 8.00034e-01],
       [7.86078e+02, 5.29423e+02, 8.90054e-01],
       [7.74402e+02, 5.31423e+02, 8.93030e-01],
       [7.39060e+02, 5.17734e+02, 8.55180e-01]]))","(0, array([7.65558000e+02, 3.75677000e+02, 4.56748600e-01, 8.12885409e-01,
       5.20346520e+02, 1.30465520e+02, 4.90422959e+02, 4.90422959e+02]), array([[7.86145e+02, 2.29694e+02, 9.41455e-01],
       [7.40997e+02, 2.57145e+02, 8.94045e-01],
       [7.52762e+02, 2.57174e+02, 9.13896e-01],
       [7.74295e+02, 3.19812e+02, 9.41576e-01],
       [8.17510e+02, 3.68846e+02, 9.00467e-01],
       [7.29243e+02, 2.57129e+02, 8.48504e-01],
       [7.37084e+02, 3.25752e+02, 6.09695e-01],
       [7.68496e+02, 3.66794e+02, 7.65958e-01],
       [7.19520e+02, 3.60955e+02, 7.86342e-01],
       [7.27284e+02, 3.60952e+02, 8.14499e-01],
       [7.90071e+02, 4.31483e+02, 9.05583e-01],
       [7.50887e+02, 5.11799e+02, 8.42298e-01],
       [7.13606e+02, 3.60985e+02, 6.79415e-01],
       [7.78224e+02, 4.25573e+02, 7.52865e-01],
       [7.37158e+02, 5.05918e+02, 8.61794e-01],
       [7.84157e+02, 2.21868e+02, 9.01129e-01],
       [0.00000e+00, 0.00000e+00, 0.00000e+00],
       [7.66502e+02, 2.19908e+02, 9.09370e-01],
       [0.00000e+00, 0.00000e+00, 0.00000e+00],
       [7.74343e+02, 5.17767e+02, 1.51811e-01],
       [0.00000e+00, 0.00000e+00, 0.00000e+00],
       [7.27320e+02, 5.09954e+02, 8.34474e-01],
       [7.86114e+02, 5.29444e+02, 8.92860e-01],
       [7.74418e+02, 5.31446e+02, 8.80368e-01],
       [7.39096e+02, 5.17721e+02, 8.55075e-01]]))","(0, array([7.75353500e+02, 3.68864000e+02, 4.39274237e-01, 8.24869091e-01,
       5.20387489e+02, 1.13897989e+02, 5.09932022e+02, 5.09932022e+02]), array([[7.91917e+02, 2.17919e+02, 9.32440e-01],
       [7.44921e+02, 2.47336e+02, 9.08434e-01],
       [7.58648e+02, 2.47413e+02, 9.00580e-01],
       [7.84174e+02, 3.06068e+02, 9.28648e-01],
       [8.33131e+02, 3.53077e+02, 8.95223e-01],
       [7.31306e+02, 2.45394e+02, 8.59709e-01],
       [7.44915e+02, 3.10030e+02, 7.21179e-01],
       [7.78318e+02, 3.45290e+02, 8.34224e-01],
       [7.25376e+02, 3.49218e+02, 7.92284e-01],
       [7.31221e+02, 3.49262e+02, 8.29059e-01],
       [7.88046e+02, 4.25639e+02, 8.96656e-01],
       [7.50878e+02, 5.07981e+02, 8.47599e-01],
       [7.17576e+02, 3.49186e+02, 6.72234e-01],
       [7.74357e+02, 4.17831e+02, 8.38620e-01],
       [7.39072e+02, 5.02075e+02, 8.36744e-01],
       [7.89974e+02, 2.10050e+02, 9.34031e-01],
       [0.00000e+00, 0.00000e+00, 0.00000e+00],
       [7.72385e+02, 2.08201e+02, 9.63064e-01],
       [0.00000e+00, 0.00000e+00, 0.00000e+00],
       [7.74375e+02, 5.17737e+02, 1.46571e-01],
       [0.00000e+00, 0.00000e+00, 0.00000e+00],
       [7.27350e+02, 5.09843e+02, 7.85239e-01],
       [7.86104e+02, 5.27569e+02, 8.95904e-01],
       [7.76258e+02, 5.29527e+02, 8.79884e-01],
       [7.39119e+02, 5.15754e+02, 8.48794e-01]]))","(0, array([7.82195500e+02, 3.62909500e+02, 4.29106091e-01, 8.22945136e-01,
       5.21187786e+02, 1.01901786e+02, 5.22015429e+02, 5.22015429e+02]), array([[7.94008e+02, 2.08195e+02, 9.21986e-01],
       [7.46994e+02, 2.37541e+02, 8.83053e-01],
       [7.60699e+02, 2.37596e+02, 9.09585e-01],
       [7.92002e+02, 2.94338e+02, 9.56409e-01],
       [8.40995e+02, 3.39406e+02, 9.20148e-01],
       [7.37091e+02, 2.35591e+02, 8.21656e-01],
       [7.48883e+02, 3.00285e+02, 7.16384e-01],
       [7.86126e+02, 3.35450e+02, 8.52276e-01],
       [7.29350e+02, 3.37535e+02, 7.95165e-01],
       [7.37123e+02, 3.39424e+02, 8.02247e-01],
       [7.88046e+02, 4.19748e+02, 8.92925e-01],
       [7.56653e+02, 5.02080e+02, 8.49528e-01],
       [7.23396e+02, 3.39391e+02, 6.82911e-01],
       [7.74303e+02, 4.13853e+02, 8.45264e-01],
       [7.43022e+02, 4.94228e+02, 8.59058e-01],
       [7.92040e+02, 1.98386e+02, 9.21008e-01],
       [0.00000e+00, 0.00000e+00, 0.00000e+00],
       [7.74343e+02, 1.98315e+02, 9.78269e-01],
       [0.00000e+00, 0.00000e+00, 0.00000e+00],
       [7.74358e+02, 5.17691e+02, 1.40268e-01],
       [0.00000e+00, 0.00000e+00, 0.00000e+00],
       [7.31277e+02, 5.02056e+02, 7.12316e-01],
       [7.84194e+02, 5.27480e+02, 9.06832e-01],
       [7.74328e+02, 5.27504e+02, 8.73098e-01],
       [7.44936e+02, 5.09849e+02, 8.64407e-01]]))","(0, array([7.86093000e+02, 3.56127000e+02, 4.18074832e-01, 8.29544000e-01,
       5.18198376e+02, 8.82323761e+01, 5.35789248e+02, 5.35789248e+02]), array([[7.95950e+02, 1.96466e+02, 9.54597e-01],
       [7.50873e+02, 2.25861e+02, 8.98376e-01],
       [7.66517e+02, 2.27722e+02, 9.13716e-01],
       [7.95925e+02, 2.84556e+02, 9.34309e-01],
       [8.44883e+02, 3.27672e+02, 8.93110e-01],
       [7.37163e+02, 2.25810e+02, 8.64330e-01],
       [7.48873e+02, 2.88547e+02, 7.14138e-01],
       [7.88090e+02, 3.21866e+02, 8.59785e-01],
       [7.35160e+02, 3.31617e+02, 7.99036e-01],
       [7.43014e+02, 3.33502e+02, 8.25740e-01],
       [7.88056e+02, 4.15789e+02, 9.10031e-01],
       [7.58683e+02, 5.00040e+02, 8.45177e-01],
       [7.27303e+02, 3.31632e+02, 7.02488e-01],
       [7.72355e+02, 4.11845e+02, 8.61418e-01],
       [7.45030e+02, 4.92244e+02, 8.68562e-01],
       [7.93992e+02, 1.88610e+02, 9.29379e-01],
       [0.00000e+00, 0.00000e+00, 0.00000e+00],
       [7.76381e+02, 1.86640e+02, 9.33923e-01],
       [0.00000e+00, 0.00000e+00, 0.00000e+00],
       [7.76293e+02, 5.17743e+02, 1.57429e-01],
       [0.00000e+00, 0.00000e+00, 0.00000e+00],
       [7.35215e+02, 4.98154e+02, 7.61275e-01],
       [7.86122e+02, 5.25614e+02, 8.96348e-01],
       [7.76255e+02, 5.25602e+02, 8.76147e-01],
       [7.48844e+02, 5.05996e+02, 8.50654e-01]]))","(0, array([7.88998000e+02, 3.52192500e+02, 4.13093557e-01, 8.23664818e-01,
       5.17872977e+02, 8.10674773e+01, 5.42250045e+02, 5.42250045e+02]), array([[7.99766e+02, 1.92428e+02, 9.08460e-01],
       [7.52774e+02, 2.21893e+02, 8.96875e-01],
       [7.68466e+02, 2.21913e+02, 8.91839e-01],
       [7.99848e+02, 2.78687e+02, 9.35136e-01],
       [8.48745e+02, 3.21860e+02, 9.06861e-01],
       [7.37140e+02, 2.19945e+02, 8.48311e-01],
       [7.50839e+02, 2.84543e+02, 6.93225e-01],
       [7.88066e+02, 3.19866e+02, 8.63520e-01],
       [7.39104e+02, 3.23812e+02, 8.04957e-01],
       [7.48886e+02, 3.25695e+02, 8.09724e-01],
       [7.84203e+02, 4.13839e+02, 8.84559e-01],
       [7.62553e+02, 5.00062e+02, 8.43539e-01],
       [7.29251e+02, 3.23805e+02, 7.58935e-01],
       [7.66507e+02, 4.09926e+02, 8.54144e-01],
       [7.52778e+02, 4.94177e+02, 8.47012e-01],
       [7.95921e+02, 1.80799e+02, 9.11664e-01],
       [0.00000e+00, 0.00000e+00, 0.00000e+00],
       [7.78341e+02, 1.80748e+02, 9.67666e-01],
       [0.00000e+00, 0.00000e+00, 0.00000e+00],
       [7.88047e+02, 5.17684e+02, 2.14083e-01],
       [0.00000e+00, 0.00000e+00, 0.00000e+00],
       [7.42945e+02, 5.02036e+02, 6.97049e-01],
       [7.95945e+02, 5.21687e+02, 9.08404e-01],
       [7.84198e+02, 5.23637e+02, 8.66820e-01],
       [7.52765e+02, 5.07927e+02, 8.07843e-01]]))","(0, array([7.90057000e+02, 3.51153000e+02, 4.07594020e-01, 8.29226682e-01,
       5.15273773e+02, 7.63697730e+01, 5.49566454e+02, 5.49566454e+02]), array([[8.01824e+02, 1.84619e+02, 9.20494e-01],
       [7.56676e+02, 2.16046e+02, 9.27590e-01],
       [7.72388e+02, 2.16070e+02, 8.97780e-01],
       [8.01761e+02, 2.76741e+02, 9.45159e-01],
       [8.48809e+02, 3.21811e+02, 9.07847e-01],
       [7.39127e+02, 2.15980e+02, 8.66082e-01],
       [7.48880e+02, 2.74796e+02, 6.83275e-01],
       [7.82237e+02, 3.13982e+02, 8.41620e-01],
       [7.43031e+02, 3.21760e+02, 8.20459e-01],
       [7.54752e+02, 3.21801e+02, 8.08986e-01],
       [7.80285e+02, 4.11849e+02, 8.71140e-01],
       [7.72441e+02, 5.02028e+02, 8.37381e-01],
       [7.31305e+02, 3.21758e+02, 7.63455e-01],
       [7.62616e+02, 4.08027e+02, 8.59910e-01],
       [7.58726e+02, 4.96165e+02, 8.62260e-01],
       [7.99797e+02, 1.76778e+02, 9.08021e-01],
       [0.00000e+00, 0.00000e+00, 0.00000e+00],
       [7.82183e+02, 1.76807e+02, 9.43365e-01],
       [0.00000e+00, 0.00000e+00, 0.00000e+00],
       [7.91973e+02, 5.13833e+02, 1.89896e-01],
       [0.00000e+00, 0.00000e+00, 0.00000e+00],
       [7.50831e+02, 5.07838e+02, 7.40855e-01],
       [8.07627e+02, 5.23551e+02, 9.01881e-01],
       [7.93974e+02, 5.25528e+02, 9.00389e-01],
       [7.64533e+02, 5.09942e+02, 8.45142e-01]]))","(0, array([7.91956500e+02, 3.53115000e+02, 4.07364383e-01, 8.34162318e-01,
       5.17018374e+02, 7.81768742e+01, 5.49876252e+02, 5.49876252e+02]), array([[8.05633e+02, 1.84655e+02, 9.24534e-01],
       [7.58684e+02, 2.17989e+02, 9.45374e-01],
       [7.76313e+02, 2.17953e+02, 8.98382e-01],
       [8.01766e+02, 2.78665e+02, 9.36049e-01],
       [8.44876e+02, 3.23826e+02, 8.97543e-01],
       [7.41087e+02, 2.17940e+02, 8.59428e-01],
       [7.52817e+02, 2.72812e+02, 6.53910e-01],
       [7.80293e+02, 3.13957e+02, 8.27992e-01],
       [7.48907e+02, 3.23816e+02, 8.13481e-01],
       [7.60649e+02, 3.25718e+02, 8.01379e-01],
       [7.78288e+02, 4.15812e+02, 8.83453e-01],
       [7.76328e+02, 5.07854e+02, 8.77435e-01],
       [7.39037e+02, 3.23771e+02, 7.71397e-01],
       [7.60688e+02, 4.13902e+02, 8.81028e-01],
       [7.60681e+02, 5.00083e+02, 8.64797e-01],
       [8.01806e+02, 1.76807e+02, 9.14671e-01],
       [0.00000e+00, 0.00000e+00, 0.00000e+00],
       [7.84197e+02, 1.76774e+02, 9.37412e-01],
       [0.00000e+00, 0.00000e+00, 0.00000e+00],
       [7.95934e+02, 5.15756e+02, 1.46377e-01],
       [0.00000e+00, 0.00000e+00, 0.00000e+00],
       [7.54795e+02, 5.09876e+02, 8.39893e-01],
       [8.11602e+02, 5.27473e+02, 9.21221e-01],
       [7.99857e+02, 5.29456e+02, 8.78895e-01],
       [7.68508e+02, 5.15727e+02, 8.76920e-01]]))","(0, array([7.92921000e+02, 3.53170500e+02, 4.10462300e-01, 8.18869909e-01,
       5.20057938e+02, 8.03074379e+01, 5.45726124e+02, 5.45726124e+02]), array([[8.05680e+02, 1.84685e+02, 9.17348e-01],
       [7.60671e+02, 2.23802e+02, 9.45081e-01],
       [7.78323e+02, 2.21933e+02, 9.03184e-01],
       [7.99873e+02, 2.82570e+02, 9.09824e-01],
       [8.40928e+02, 3.31610e+02, 9.09887e-01],
       [7.44939e+02, 2.23818e+02, 8.68270e-01],
       [7.58694e+02, 2.80639e+02, 5.00093e-01],
       [7.86126e+02, 3.21789e+02, 7.16668e-01],
       [7.56702e+02, 3.29644e+02, 7.95249e-01],
       [7.68459e+02, 3.31576e+02, 7.72214e-01],
       [7.78345e+02, 4.19807e+02, 8.63724e-01],
       [7.74410e+02, 5.09882e+02, 8.98230e-01],
       [7.44914e+02, 3.27716e+02, 7.50932e-01],
       [7.60704e+02, 4.17842e+02, 8.67776e-01],
       [7.58723e+02, 5.05892e+02, 8.63971e-01],
       [8.03669e+02, 1.76869e+02, 9.04792e-01],
       [0.00000e+00, 0.00000e+00, 0.00000e+00],
       [7.87995e+02, 1.78805e+02, 9.70243e-01],
       [0.00000e+00, 0.00000e+00, 0.00000e+00],
       [7.94019e+02, 5.13789e+02, 1.50045e-01],
       [0.00000e+00, 0.00000e+00, 0.00000e+00],
       [7.52758e+02, 5.13797e+02, 7.83480e-01],
       [8.11600e+02, 5.27452e+02, 9.22439e-01],
       [8.01773e+02, 5.29472e+02, 8.98438e-01],
       [7.66547e+02, 5.19650e+02, 9.03250e-01]]))","(0, array([7.89077500e+02, 3.55117000e+02, 4.15862669e-01, 8.00925545e-01,
       5.19757822e+02, 8.57973220e+01, 5.38639356e+02, 5.38639356e+02]), array([[8.07644e+02, 1.90490e+02, 8.98808e-01],
       [7.62597e+02, 2.25838e+02, 9.53308e-01],
       [7.82173e+02, 2.25842e+02, 9.03335e-01],
       [7.97891e+02, 2.90466e+02, 9.29951e-01],
       [8.35134e+02, 3.39459e+02, 9.24904e-01],
       [7.45033e+02, 2.25820e+02, 9.11152e-01],
       [7.43021e+02, 2.86508e+02, 5.81474e-01],
       [7.70362e+02, 2.96300e+02, 1.05666e-01],
       [7.60667e+02, 3.35558e+02, 8.15523e-01],
       [7.74408e+02, 3.39408e+02, 8.00343e-01],
       [7.78337e+02, 4.25624e+02, 8.63140e-01],
       [7.74365e+02, 5.11848e+02, 8.89237e-01],
       [7.46964e+02, 3.33590e+02, 7.73656e-01],
       [7.60716e+02, 4.19808e+02, 8.62014e-01],
       [7.58684e+02, 5.07885e+02, 8.75008e-01],
       [8.03780e+02, 1.80749e+02, 9.16137e-01],
       [0.00000e+00, 0.00000e+00, 0.00000e+00],
       [7.88064e+02, 1.82672e+02, 9.71125e-01],
       [0.00000e+00, 0.00000e+00, 0.00000e+00],
       [7.93976e+02, 5.13803e+02, 1.44133e-01],
       [0.00000e+00, 0.00000e+00, 0.00000e+00],
       [7.52749e+02, 5.17655e+02, 7.59647e-01],
       [8.11563e+02, 5.27450e+02, 9.10419e-01],
       [8.01750e+02, 5.29485e+02, 8.91785e-01],
       [7.66506e+02, 5.21662e+02, 9.39597e-01]]))","(0, array([7.86115000e+02, 3.56070500e+02, 4.20889224e-01, 8.02695545e-01,
       5.20011727e+02, 8.99672274e+01, 5.32206545e+02, 5.32206545e+02]), array([[8.09574e+02, 1.92471e+02, 9.23747e-01],
       [7.64529e+02, 2.29665e+02, 9.30156e-01],
       [7.84141e+02, 2.27840e+02, 8.80791e-01],
       [7.93931e+02, 2.94391e+02, 9.28465e-01],
       [8.27228e+02, 3.49188e+02, 9.25180e-01],
       [7.46898e+02, 2.29658e+02, 8.92891e-01],
       [7.45002e+02, 2.90464e+02, 5.68204e-01],
       [7.64517e+02, 3.11957e+02, 1.42806e-01],
       [7.62662e+02, 3.39393e+02, 8.11667e-01],
       [7.76315e+02, 3.41366e+02, 8.08278e-01],
       [7.78329e+02, 4.27531e+02, 8.68062e-01],
       [7.74388e+02, 5.11859e+02, 8.93307e-01],
       [7.50860e+02, 3.37429e+02, 7.66097e-01],
       [7.62654e+02, 4.21738e+02, 8.60012e-01],
       [7.58707e+02, 5.07905e+02, 8.89011e-01],
       [8.05736e+02, 1.82684e+02, 9.20624e-01],
       [0.00000e+00, 0.00000e+00, 0.00000e+00],
       [7.89988e+02, 1.82752e+02, 9.72934e-01],
       [0.00000e+00, 0.00000e+00, 0.00000e+00],
       [7.93920e+02, 5.13832e+02, 1.50666e-01],
       [0.00000e+00, 0.00000e+00, 0.00000e+00],
       [7.52766e+02, 5.17679e+02, 7.78608e-01],
       [8.09688e+02, 5.25599e+02, 9.18320e-01],
       [7.99861e+02, 5.29457e+02, 8.99000e-01],
       [7.66555e+02, 5.21674e+02, 9.30476e-01]]))","(0, array([7.80270000e+02, 3.55129500e+02, 4.21587878e-01, 8.13732227e-01,
       5.14607713e+02, 8.94672126e+01, 5.31324575e+02, 5.31324575e+02]), array([[8.11559e+02, 1.90541e+02, 9.04557e-01],
       [7.66488e+02, 2.27834e+02, 9.29314e-01],
       [7.86112e+02, 2.29736e+02, 8.84391e-01],
       [7.89982e+02, 2.94324e+02, 9.50726e-01],
       [8.15545e+02, 3.51121e+02, 9.16359e-01],
       [7.46949e+02, 2.27751e+02, 9.12540e-01],
       [7.44995e+02, 2.88517e+02, 7.03666e-01],
       [7.54764e+02, 3.15943e+02, 2.81758e-01],
       [7.66544e+02, 3.39474e+02, 7.83423e-01],
       [7.78337e+02, 3.41425e+02, 7.79963e-01],
       [7.78292e+02, 4.27588e+02, 8.79537e-01],
       [7.74393e+02, 5.11838e+02, 8.92294e-01],
       [7.54748e+02, 3.39393e+02, 7.46595e-01],
       [7.64537e+02, 4.23622e+02, 8.64214e-01],
       [7.58684e+02, 5.07910e+02, 8.91150e-01],
       [8.07702e+02, 1.80763e+02, 9.22310e-01],
       [0.00000e+00, 0.00000e+00, 0.00000e+00],
       [7.90093e+02, 1.82638e+02, 9.86246e-01],
       [0.00000e+00, 0.00000e+00, 0.00000e+00],
       [7.94008e+02, 5.13880e+02, 1.53864e-01],
       [0.00000e+00, 0.00000e+00, 0.00000e+00],
       [7.52751e+02, 5.17679e+02, 7.91947e-01],
       [8.09688e+02, 5.27454e+02, 9.14014e-01],
       [7.99881e+02, 5.29496e+02, 8.84745e-01],
       [7.66550e+02, 5.21658e+02, 9.28496e-01]]))","(0, array([7.78272500e+02, 3.54156000e+02, 4.20255048e-01, 8.37690636e-01,
       5.11767670e+02, 8.76511704e+01, 5.33009659e+02, 5.33009659e+02]), array([[8.11587e+02, 1.88557e+02, 9.01443e-01],
       [7.66502e+02, 2.27695e+02, 9.37728e-01],
       [7.86072e+02, 2.27752e+02, 8.92050e-01],
       [7.88004e+02, 2.90504e+02, 9.25857e-01],
       [8.05638e+02, 3.51158e+02, 9.36493e-01],
       [7.48901e+02, 2.25827e+02, 8.96263e-01],
       [7.44958e+02, 2.86486e+02, 8.33215e-01],
       [7.50857e+02, 3.19843e+02, 6.78567e-01],
       [7.68433e+02, 3.39471e+02, 7.95516e-01],
       [7.78301e+02, 3.41408e+02, 7.96358e-01],
       [7.78308e+02, 4.25629e+02, 8.66598e-01],
       [7.74396e+02, 5.09942e+02, 8.91895e-01],
       [7.56698e+02, 3.39403e+02, 7.64357e-01],
       [7.62665e+02, 4.21714e+02, 8.70722e-01],
       [7.58692e+02, 5.07878e+02, 8.86211e-01],
       [8.07719e+02, 1.78830e+02, 9.31133e-01],
       [0.00000e+00, 0.00000e+00, 0.00000e+00],
       [7.91915e+02, 1.80771e+02, 9.89062e-01],
       [0.00000e+00, 0.00000e+00, 0.00000e+00],
       [7.94019e+02, 5.13856e+02, 1.52103e-01],
       [0.00000e+00, 0.00000e+00, 0.00000e+00],
       [7.50894e+02, 5.15803e+02, 7.92410e-01],
       [8.11541e+02, 5.27463e+02, 9.06189e-01],
       [8.01751e+02, 5.29482e+02, 8.84297e-01],
       [7.66551e+02, 5.21579e+02, 9.00727e-01]]))","(0, array([7.78235000e+02, 3.54141500e+02, 4.20175050e-01, 8.38831455e-01,
       5.11679430e+02, 8.75859299e+01, 5.33111140e+02, 5.33111140e+02]), array([[8.11566e+02, 1.86676e+02, 9.04433e-01],
       [7.66542e+02, 2.27691e+02, 9.38889e-01],
       [7.86120e+02, 2.27724e+02, 8.98573e-01],
       [7.84177e+02, 2.90409e+02, 9.12883e-01],
       [7.94022e+02, 3.47273e+02, 9.18723e-01],
       [7.50799e+02, 2.25848e+02, 8.84786e-01],
       [7.44906e+02, 2.88513e+02, 8.68324e-01],
       [7.44899e+02, 3.33516e+02, 7.15514e-01],
       [7.66568e+02, 3.37501e+02, 7.82317e-01],
       [7.78284e+02, 3.39425e+02, 7.81147e-01],
       [7.78329e+02, 4.25589e+02, 8.59041e-01],
       [7.74377e+02, 5.11808e+02, 8.90822e-01],
       [7.56740e+02, 3.37445e+02, 7.73758e-01],
       [7.62547e+02, 4.21688e+02, 8.68747e-01],
       [7.58681e+02, 5.07867e+02, 8.79489e-01],
       [8.07697e+02, 1.78785e+02, 9.35818e-01],
       [0.00000e+00, 0.00000e+00, 0.00000e+00],
       [7.91906e+02, 1.80720e+02, 9.90935e-01],
       [0.00000e+00, 0.00000e+00, 0.00000e+00],
       [7.94036e+02, 5.13812e+02, 1.50778e-01],
       [0.00000e+00, 0.00000e+00, 0.00000e+00],
       [7.50884e+02, 5.15803e+02, 7.85587e-01],
       [8.11571e+02, 5.27458e+02, 9.08130e-01],
       [8.01792e+02, 5.29498e+02, 8.82983e-01],
       [7.66518e+02, 5.21616e+02, 9.22615e-01]]))"
