frame,Ankle.R_x,Ankle.R_y,Ankle.R_z,Knee.R_x,Knee.R_y,Knee.R_z,Hip.R_x,Hip.R_y,Hip.R_z,Hip.L_x,Hip.L_y,Hip.L_z,Knee.L_x,Knee.L_y,Knee.L_z,Ankle.L_x,Ankle.L_y,Ankle.L_z,Wrist.R_x,Wrist.R_y,Wrist.R_z,Elbow.R_x,Elbow.R_y,Elbow.R_z,Shoulder.R_x,Shoulder.R_y,Shoulder.R_z,Shoulder.L_x,Shoulder.L_y,Shoulder.L_z,Elbow.L_x,Elbow.L_y,Elbow.L_z,Wrist.L_x,Wrist.L_y,Wrist.L_z,Neck_x,Neck_y,Neck_z,Head_x,Head_y,Head_z,Nose_x,Nose_y,Nose_z,Eye.L_x,Eye.L_y,Eye.L_z,Eye.R_x,Eye.R_y,Eye.R_z,Ear.L_x,Ear.L_y,Ear.L_z,Ear.R_x,Ear.R_y,Ear.R_z,hip.Center_x,hip.Center_y,hip.Center_z
1,0.5817406999999999,0.16832314,-0.60154754,0.35561052,0.13008311,-0.22620758,-0.03227734,0.11375198,-0.05437252,0.026725214,0.31844682,0.06534681,0.3454994,0.22313498,-0.22797418,0.48083258,0.20879292,-0.6472979999999999,-0.19365612,-0.14300182,0.032110114,-0.23946196,0.03827022,-0.13704184,-0.45977682,0.12273851,-0.030102909,-0.4626734,0.23194857,0.17066534,-0.24021117,0.12721439,0.26712078,-0.24569499999999997,-0.118752636,0.23832384,-0.50868183,0.17785868,0.07051252,-0.7079333000000001,0.19656721,0.06952749,-0.63983357,0.081668876,0.15791035,-0.67187387,0.13425358,0.16016854,-0.67422754,0.0919444,0.10858086,-0.63473785,0.22486624,0.13433883,-0.6417765999999999,0.14203921,0.022102028,-0.0027760621160268784,0.2160993963479996,0.0054871439933776855
2,0.57793283,0.16484968,-0.6220236,0.33784179999999997,0.13786027,-0.2530774,-0.0502231,0.14397408,-0.08937958,0.039447054,0.27951574,0.09404434,0.3412757,0.20564418,-0.22231615,0.49507108,0.21464585,-0.6330726,-0.2648348,-0.18315864,0.025664938999999998,-0.24833196,0.00303677,-0.14581215,-0.4551433,0.13404396,-0.04205358,-0.45521343,0.20800921,0.1820884,-0.24855708,0.07373349,0.29282156,-0.28935605,-0.17120238,0.2656755,-0.5029799,0.17422614,0.06836384,-0.7053010000000001,0.18541947,0.05980549,-0.6374663,0.072845355,0.15033886,-0.6702184,0.12519622,0.15130767,-0.67122555,0.08211804,0.10029196,-0.63349235,0.21565396,0.12484856,-0.63788843,0.13124776,0.013208713,-0.00538802333176136,0.21174490451812744,0.0023323819041252136
3,0.5388416,0.19814077,-0.6569206,0.32705933,0.14829235,-0.27138668,-0.053481907,0.14317022,-0.08629065,0.041388366,0.28413725,0.091731034,0.33117157,0.22607237,-0.23665641,0.5428467,0.20099092,-0.62069464,-0.13609393,-0.21193485,0.0025891736,-0.21523508,-0.0216008,-0.1501116,-0.4302503,0.06867366,-0.0056021493,-0.4109920999999999,0.14620721,0.23214482,-0.1531451,0.07054881,0.28335133,-0.12190279,-0.1774422,0.26533315,-0.47438392,0.10070309,0.118091166,-0.6794325,0.08806499,0.13867457,-0.59010684,-0.037357293,0.17963082,-0.62672997,0.00712166,0.20147903,-0.63045806,-0.01700043,0.13914247,-0.6023246999999999,0.106217176,0.20377073,-0.6139277,0.06108926,0.07095082,-0.006046770140528679,0.21365374326705933,0.0027201920747756962
4,0.63803995,0.23094575,-0.5440249,0.3666993,0.14629482,-0.20573975,-0.045187682,0.14218064,-0.091998905,0.030996182999999997,0.28972876,0.09097753,0.35892090000000004,0.20540741,-0.19178554,0.61734563,0.13558884,-0.5398566,-0.08223941,-0.16574834,-0.045084484,-0.23654485,0.01515018,-0.14813754,-0.43609664,0.045474105,0.018337106000000002,-0.3753763,0.07354913,0.24346039,-0.11072774,0.017995805,0.23239161,0.012105403,-0.20083183,0.18687657,-0.45361906,0.04692435,0.14107162,-0.6464133000000001,0.0019511422,0.1919943,-0.53722006,-0.113055676,0.18721569,-0.57333934,-0.08037911,0.22437769,-0.58636695,-0.0915445,0.15971012,-0.56122774,0.018879957,0.24591032,-0.59256124,0.00017996877,0.10966912,-0.007095749489963055,0.21595469117164606,-0.0005106888711452483
5,0.52943456,0.17495206,-0.6606983000000001,0.32714123,0.1514094,-0.27204522,-0.035866413,0.11833704,-0.061553605,0.028470576,0.31076345,0.07334595,0.33422104,0.25566554,-0.23749326,0.54193705,0.21853426,-0.6213974,-0.21027029,-0.21005934,0.009911169000000001,-0.2175391,-0.014043566,-0.14632593,-0.42875034,0.07158166,7.5334683e-06,-0.4134435,0.14480144,0.23370963,-0.17956947,0.02795214,0.29960322,-0.23578817,-0.20425925,0.24327305,-0.47016662,0.10040701,0.12467112400000001,-0.66871226,0.07997525,0.1656215,-0.5719812,-0.04227808,0.1981433,-0.60752904,0.0009883419,0.22326796,-0.6168286999999999,-0.023685604,0.16186367,-0.58638054,0.10020463,0.22205773,-0.6099055,0.05403255,0.092119694,-0.0036979187279939647,0.2145502418279648,0.005896173417568207
6,0.5176742,0.1658944,-0.6507241,0.33675075,0.16061796,-0.25455546,-0.0092245,0.10114071,-0.020882873,0.0044552166999999995,0.33543850000000003,0.03706745,0.33046082,0.30203134,-0.24825902,0.5166420999999999,0.25572214,-0.64236766,-0.18788889,-0.19589537,-0.0005504737,-0.2172175,0.006493571700000001,-0.1415941,-0.42916024,0.06730067,0.0075450037,-0.40601188,0.13568816,0.23763247,-0.17564291,0.011097438000000001,0.28708717,-0.29529864,-0.19054876,0.23021399999999997,-0.46545879999999995,0.09253561,0.13430217,-0.66094184,0.07411662,0.18747078,-0.56374395,-0.049155800000000006,0.21391961,-0.59772193,-0.0062503666000000005,0.24106020000000003,-0.61051196,-0.030182287000000002,0.18018651,-0.5758781,0.09211174400000001,0.23892988,-0.606812,0.04793393,0.11108078,-0.002384641440585256,0.2182895988225937,0.008092288859188557
7,0.5431354,0.20783523,-0.64249617,0.33965585,0.18245,-0.2555801,-0.031914424,0.11659069,-0.06254039,0.026870322999999998,0.31129724,0.07250284,0.3398952,0.25221312,-0.22858754,0.53470683,0.21501465,-0.61806786,-0.15941791,-0.18259594,0.007641295,-0.22485027,0.011828096000000001,-0.13756882,-0.43723729999999994,0.07528424,0.009276056,-0.40115365,0.1266623,0.23995669,-0.15403327,0.02106385,0.2592951,-0.24243826,-0.19628908,0.19690877,-0.46843964,0.09446293,0.13435732,-0.66520613,0.07717766,0.18058714,-0.568969,-0.046892397,0.2078565,-0.60326576,-0.0036989301,0.234706,-0.614792,-0.027294002,0.17333597,-0.58094835,0.09497962,0.23418535,-0.609376,0.051339499999999996,0.10475516,-0.002522050403058529,0.2139439582824707,0.004981223493814468
8,0.58120126,0.25076202,-0.61252016,0.34980348,0.19281812,-0.24299797,-0.035765942,0.12511636,-0.07522026,0.03078752,0.30048004,0.0812454,0.3403908,0.23192383,-0.22356145,0.53742033,0.19771208,-0.6133759,-0.13289824,-0.14908975,-0.0059953765,-0.23958579999999996,0.04240618,-0.13578542,-0.4511988,0.08707182,0.009279441,-0.4061681,0.124147326,0.23305802,-0.14510405,0.06093052,0.23504469,-0.13407621,-0.18105654,0.18721634,-0.4768871,0.0984172,0.12922065,-0.6735885,0.08016851,0.17220423,-0.5760004,-0.04381165,0.19584975,-0.61085135,-0.0017703474,0.22377387,-0.6218781,-0.023603097000000003,0.16163051,-0.5897956999999999,0.09718258,0.22678381,-0.6168398,0.0573799,0.095431976,-0.0024892110377550125,0.21279820799827576,0.0030125714838504787
9,0.6007223,0.27646038,-0.58514607,0.36097223,0.18879722,-0.22436611,-0.038701855,0.1276343,-0.077356964,0.032573267999999996,0.30076876,0.08193931,0.33111,0.21623012,-0.23414356,0.5267381,0.1875979,-0.62758535,-0.089956015,-0.12341952,-0.009430405,-0.24490051,0.03847584,-0.13687882,-0.45108062,0.077334225,0.01743239,-0.40396205,0.13421908,0.23866089,-0.13693586,0.09882674,0.23319456,-0.027670913999999998,-0.12686208,0.21041505,-0.47787514,0.097527415,0.1353176,-0.677037,0.09222958,0.16557716,-0.5918478,-0.040812,0.18901573,-0.6252658,0.002523467,0.21693558,-0.63270414,-0.014715366,0.15271999,-0.59646577,0.099798724,0.2287255,-0.61546797,0.06917684,0.09287871,-0.0030642934143543248,0.21420153975486755,0.002291172742843628
10,0.5923335999999999,0.25455523,-0.57840395,0.37116697,0.16453776,-0.2092904,-0.02782682,0.11616494,-0.06228923,0.02058122,0.31723976,0.07075789,0.32649459999999997,0.24249044,-0.24137177,0.5028587999999999,0.20990764,-0.6450123999999999,-0.05623786,-0.141939,-0.0045774276000000004,-0.21843420000000002,0.011004478,-0.13379708,-0.43849498,0.054517724000000004,0.0097202165,-0.40437624,0.15151979999999998,0.23446023,-0.13454154,0.11941029,0.23853609,-0.016298286999999998,-0.10183664,0.22928247,-0.47640675,0.09347072,0.13051322,-0.6790074,0.09568634,0.15408374,-0.59946346,-0.038613535,0.18708616,-0.6326293000000001,0.006767638,0.21174514,-0.63785774,-0.013000376499999999,0.14805216,-0.6008353,0.103352524,0.22086723,-0.6153247,0.06758330000000001,0.08605342,-0.00362280011177063,0.21670234203338626,0.004234328866004944
11,0.56383586,0.21386312,-0.6305628000000001,0.34201762,0.15409417,-0.2522063,-0.049472153,0.14131401,-0.08736627,0.03852063,0.28582045,0.09191342400000001,0.32807115,0.23391247,-0.23882622,0.5323481,0.22732317,-0.6284893,-0.10346533,-0.16426897,0.0028638465000000004,-0.21756975,0.010363718000000001,-0.14708924,-0.43683252,0.06704862,0.00033033732,-0.40899608,0.14914364,0.23527351,-0.14307526,0.09760335,0.2615635,-0.05658541,-0.13824932,0.24673316,-0.47711533,0.09937364,0.12444240599999999,-0.682528,0.08491412,0.14484236,-0.5910055999999999,-0.038811296,0.1854614,-0.62853086,0.004801072,0.20739728,-0.6315196,-0.019028783,0.14490728,-0.605952,0.10430872,0.21055374,-0.61619985,0.05946637,0.077564955,-0.005475761368870735,0.21356722712516785,0.0022735781967639927
12,0.5401134,0.16699767,-0.656239,0.3171777,0.14474818,-0.27822882,-0.054224445999999996,0.14089982,-0.08407082,0.043108705,0.28303167,0.091072604,0.32800645,0.24743637,-0.24257705,0.52237016,0.25748527,-0.63290775,-0.16713919,-0.1626809,0.022843065,-0.22793956,0.0028291847999999996,-0.15790398,-0.43216982,0.07254711,0.00630726,-0.40558058,0.16027787,0.2428355,-0.15504715,0.07110226,0.28603965,-0.14817485,-0.17681952,0.2684931,-0.47191694,0.10774483,0.13172644,-0.67684126,0.08809188,0.14718129,-0.5843278000000001,-0.033119798,0.1913285,-0.6235984,0.009400278,0.21192247,-0.62375987,-0.014339879,0.14948119,-0.6033978,0.10911508,0.21577755,-0.6077545999999999,0.06429065,0.08311011,-0.005557870492339134,0.21196573972702026,0.003500893712043762
13,0.5249766,0.14031617,-0.6567314999999999,0.32556653,0.13275851,-0.26740485,-0.04388099,0.12653817,-0.07281385,0.034178454,0.29911503,0.0824913,0.33336303,0.2683893,-0.23708890000000002,0.51448846,0.30596295,-0.6333121,-0.1936951,-0.20676413,0.06070719,-0.1998983,-0.038332543999999996,-0.12410281,-0.4215946,0.057413942999999995,0.0065727456999999994,-0.40877834,0.16234991,0.23682113,-0.16523726,0.05823155,0.28690806,-0.23741612,-0.1757089,0.27097404,-0.46931517,0.10297995,0.12738395,-0.6746477,0.089528605,0.14395629,-0.58635956,-0.033124335,0.19387583,-0.62419415,0.011552438,0.21235578,-0.62534314,-0.014921561000000002,0.15109846,-0.6002308000000001,0.11040369,0.21120049,-0.607038,0.060174912000000004,0.08096364,-0.004851268604397775,0.21282660961151126,0.004838723689317703
14,0.558301,0.18179287,-0.63623214,0.33706376,0.1483315,-0.25689045,-0.04622663,0.13156573,-0.07809500400000001,0.036648437,0.29402745,0.0858419,0.34276740000000006,0.21859765,-0.22353996,0.5157884,0.21272358,-0.62696517,-0.35591725,-0.20178509,0.054332003,-0.26095152,-0.053216357,-0.123994485,-0.44825519999999996,0.120495774,-0.033619985,-0.4575585999999999,0.21899366,0.18268535,-0.29098204,0.0648365,0.3290679,-0.3839268,-0.15402749,0.25952184,-0.4980464,0.17215909,0.07329663,-0.69960225,0.17811006,0.07062214,-0.6295353,0.059518427,0.15146723,-0.6636623,0.110713206,0.15704301,-0.6629295000000001,0.07259948,0.10216653,-0.62906396,0.20485985,0.1393656,-0.6302966999999999,0.13067415,0.020373568,-0.004789097234606743,0.2127965986728668,0.003873448818922043
15,0.5215724,0.13292839999999997,-0.6589645000000001,0.32810003,0.13609648,-0.26615712,-0.039787367000000004,0.123129055,-0.069242574,0.030882375,0.3035717,0.080281906,0.33079746,0.2759229,-0.23912477,0.5006531,0.33381444,-0.63876677,-0.1611105,-0.17789966,0.08337454,-0.1863675,-0.033061747,-0.11826031,-0.41629532,0.04660002,0.0076773576,-0.41096124,0.1641185,0.23242825,-0.16596031,0.06825057,0.28742644,-0.23550983,-0.16521837,0.2737736,-0.46868986,0.09788067,0.125773,-0.6730993000000001,0.09179845,0.14145143,-0.5903854000000001,-0.032825425,0.19642046,-0.6264993000000001,0.013990417,0.21306846,-0.62817585,-0.01449579,0.15270644,-0.5984745,0.11170417,0.20886666,-0.60601217,0.057268325,0.08034931,-0.004452495835721493,0.21335038542747495,0.005519665777683258
16,0.51036847,0.14407822,-0.66468304,0.33059672,0.1450021,-0.26632467,-0.03662646,0.11993952,-0.06545422,0.030947367000000003,0.30691648,0.07556563599999999,0.33003795,0.26380634,-0.24275227,0.49124902,0.3275547,-0.64512676,-0.11681484,-0.14852506,0.06917615,-0.19878256,0.006102087,-0.11123886,-0.42617920000000004,0.055910155,0.020151561000000002,-0.40560916,0.15395679,0.24251632,-0.1501979,0.074587286,0.27041609999999994,-0.14903711,-0.17154089,0.27245690000000006,-0.46930420000000006,0.09763202,0.13678610000000002,-0.6717879,0.088596195,0.14237009,-0.5890226,-0.032166854,0.20671947,-0.6269798000000001,0.014243803999999999,0.21949653,-0.62488484,-0.0165103,0.16031584,-0.6010843000000001,0.11214415,0.21266404,-0.60101455,0.053059615,0.086053565,-0.0028395457193255424,0.21342799067497253,0.005055706948041916
17,0.519736,0.14504018,-0.6753518000000001,0.30700165,0.1340655,-0.28772643,-0.06311938,0.156392,-0.09318801,0.050857056,0.26896909999999996,0.095767885,0.32013038,0.23978668,-0.25586084,0.495849,0.32845820000000003,-0.65036726,-0.076230295,-0.12507711,0.043050557,-0.19584468,0.024734301,-0.12950912,-0.42778787,0.06679526,0.0013592765,-0.41020358,0.1500933,0.24092306,-0.14308629999999997,0.11618811,0.28162709999999996,-0.023090636,-0.10598793599999999,0.28223315,-0.47419238,0.09896745,0.12491462,-0.6796943,0.0841719,0.11282922,-0.5988429,-0.030064672,0.18974093,-0.63863605,0.016378514,0.19698422,-0.6315185999999999,-0.017847069,0.139959,-0.61462253,0.11479769,0.18688536,-0.6035345,0.047960155,0.063228585,-0.006131162866950035,0.21268054842948916,0.0012899376451969149
18,0.48562983,0.15625523,-0.6870742,0.3118458,0.12300291,-0.2821804,-0.05864697,0.14678644,-0.08701260400000001,0.047110997,0.28250965,0.09251023,0.31116623,0.22883832,-0.26264045,0.45293802,0.31590983,-0.67144597,-0.007989429000000001,-0.11170581,0.035739493,-0.16528937,0.022894418,-0.11975259,-0.4107134,0.045198305999999994,2.2423454e-05,-0.40627903,0.15567872,0.24089766,-0.13293803,0.16800109,0.27552235,0.030976733,-0.023359299,0.2936455,-0.46908359999999993,0.0882076,0.123951495,-0.6761508,0.08368099,0.09795117,-0.60714334,-0.036038533,0.17835459,-0.6453142,0.012249916999999999,0.183739,-0.6352653,-0.021153815,0.12662826,-0.61593676,0.109691225,0.17847505,-0.59805113,0.044930298,0.054386303,-0.005767986178398132,0.21464803814888,0.002748813480138779
19,0.49022594,0.16402939,-0.69299483,0.31052434,0.13808027,-0.29097125,-0.054226317,0.14418396,-0.08653427,0.04558027,0.28270394,0.092053056,0.30511028,0.24605812,-0.26652109999999996,0.45848513,0.29969952,-0.6749241,-0.055265874000000006,-0.15987022,0.039635967,-0.1721066,0.007713171,-0.115760766,-0.41516578,0.042916052,-0.0011609867,-0.42215,0.16246134,0.22534254,-0.15448359,0.1733802,0.27322909999999995,-0.004964813,-0.027472082999999998,0.30112680000000003,-0.47469383,0.09010954,0.113700025,-0.6771274,0.08162519,0.087894015,-0.6079439,-0.034492835,0.1739914,-0.6463156999999999,0.013861403000000001,0.17700787,-0.6358541,-0.022004,0.12136955599999999,-0.6174158000000001,0.11126333,0.16725966,-0.59863055,0.040980663,0.04631426,-0.004323022440075874,0.21344394981861115,0.0027593933045864105
20,0.49982962,0.17538133,-0.67203826,0.33903915,0.15619925,-0.26349628,-0.032013744,0.12031709,-0.068006046,0.026808982999999998,0.3072304,0.07892237,0.31854504,0.28283359999999996,-0.25155666,0.48409492,0.31196022,-0.656533,-0.13873644,-0.20159256,0.06673793,-0.1841899,-0.022247646,-0.10523148,-0.4247795999999999,0.04865235,-0.01198232,-0.43870145,0.17174779999999998,0.20037663,-0.18605278,0.13102412,0.28388032,-0.11570298,-0.106746495,0.306759,-0.48447865,0.10136115,0.09408543,-0.6862106,0.08741992,0.07819605,-0.6089357,-0.021516941,0.16589513,-0.6488432,0.025432087000000003,0.16846095,-0.6400744,-0.012936883,0.1144651,-0.6239238,0.12260535,0.15185724,-0.6087661,0.04715859,0.034778684,-0.0026023807004094124,0.21377375721931455,0.005458161234855653
21,0.52512383,0.2137322,-0.64666057,0.34877875,0.1668558,-0.24794042,-0.016700279,0.1057774,-0.043697032999999996,0.0114442725,0.32624158,0.058681995,0.32842773,0.31250690000000003,-0.2454013,0.49739173,0.32493275,-0.6493024000000001,-0.25852329999999996,-0.24219114,0.11989435,-0.19277044,-0.09791601400000001,-0.072989434,-0.41939148,0.038882457,-0.019910688,-0.45896727,0.18126415,0.17179334,-0.2461272,0.12607583,0.32238466,-0.25578347,-0.11701661,0.29238337,-0.48774618,0.10340197400000001,0.074024014,-0.6909274999999999,0.09137978,0.06455556,-0.6123308000000001,-0.010210723,0.15912808,-0.65172285,0.0372879,0.1584239,-0.6451597,-0.0058296323,0.10797641,-0.6260633000000001,0.1317698,0.13211489,-0.6156616,0.046583265,0.022243812999999998,-0.002628003247082233,0.2160094976425171,0.0074924807995557785
22,0.52922547,0.21518539999999997,-0.60832995,0.36689475,0.17334615,-0.21005246,0.0018755529999999999,0.0989573,-0.0037308484000000003,-0.008441604,0.34099767,0.021526762999999997,0.32781103,0.32859504,-0.25000808,0.48513500000000004,0.3279068,-0.65819746,-0.28194478,-0.22908739999999997,0.16565788,-0.19714804,-0.12363672,-0.04184027,-0.41551024,0.033326946,-0.024162685,-0.46520427,0.197579,0.15393595,-0.27301976,0.12057053,0.31347743,-0.32971728,-0.10834025,0.26096287,-0.48990625,0.109304786,0.06342355,-0.69826514,0.103781715,0.06358974,-0.6158654,-0.001561135,0.14932805,-0.65473616,0.045558892000000004,0.15270317,-0.6514781999999999,0.004837483,0.100298144,-0.62959236,0.13999556,0.128193,-0.62664765,0.060309045,0.01516204,-0.003283025231212377,0.2199774831533432,0.008897957392036915
23,0.5514026999999999,0.22113752,-0.61286086,0.36264905,0.16301614,-0.22265232,-0.015424700000000001,0.1041836,-0.040690243,0.008226939,0.32765126,0.055036145999999994,0.34638159999999996,0.3126952,-0.22230233,0.50325865,0.32796818,-0.63165224,-0.276895,-0.20344651,0.16223548,-0.1945954,-0.08724757,-0.04198755,-0.42575820000000003,0.051821686,-0.029898416,-0.46577203,0.20692155,0.15283437,-0.2676313,0.11107958,0.29795298,-0.37909698,-0.098348394,0.24863414,-0.4946008,0.12495711400000001,0.05926481,-0.69917357,0.112775005,0.058597993,-0.6137667,0.0066007227000000005,0.1410715,-0.6548173,0.052155755,0.1459123,-0.64862674,0.014147133000000001,0.09163094,-0.63315785,0.1494851,0.12716314,-0.62434185,0.07512448,0.010057993000000001,-0.0035988809540867805,0.2159174382686615,0.007172951474785805
24,0.5551885999999999,0.21762581,-0.60583216,0.36267996,0.16496629999999998,-0.21920052,-0.010583051000000001,0.10084315,-0.025613971,0.0054999459999999995,0.33338425,0.041784726,0.34557882,0.308857,-0.22920428,0.5106614,0.34981100000000004,-0.6326202,-0.23102379999999997,-0.16730015,0.123922616,-0.19536708,-0.021162376,-0.073126405,-0.43748504,0.0749378,-0.032482445,-0.46383342,0.22057727,0.15868062,-0.23532148,0.14698096,0.26529109999999995,-0.32235,-0.07322108,0.22083113,-0.501897,0.14300115,0.06208821,-0.70216775,0.15087608,0.044551425,-0.6361234,0.03623122,0.13459621,-0.672611,0.085655324,0.1358045,-0.6650316999999999,0.047108352,0.08207179,-0.6398438,0.17997965,0.12007946,-0.6273999,0.10546927,0.0039572567,-0.002541552297770977,0.2171137034893036,0.008085377514362335
25,0.5376542,0.18252513,-0.6502159000000001,0.33650568,0.15515596,-0.25809485,-0.041520096,0.12132117,-0.06545275,0.034393832,0.30582726,0.076265536,0.33518964,0.23042934,-0.23591684,0.54484046,0.19490099,-0.6201404,-0.42831364,-0.198052,0.0652784,-0.264567,-0.09943505,-0.09375265,-0.43783686,0.098345555,-0.019869579,-0.45483297,0.21173109,0.19103608,-0.32537487,0.03255573,0.33814397,-0.493708,-0.13455921,0.27108133,-0.4910935,0.15537651,0.084723584,-0.6924756,0.1580634,0.08200924,-0.62312967,0.033859268,0.15443966,-0.65818095,0.08399461,0.16361989999999998,-0.65530896,0.0508036,0.10555239999999999,-0.6245298,0.18013349,0.15528618,-0.62117296,0.11631793,0.03036137,-0.003563132137060165,0.21357421576976776,0.005406394600868225
26,0.5533581,0.21727522,-0.60718155,0.36637318,0.16664124,-0.21676365,-0.01667872,0.1045406,-0.04036635,0.012379778000000001,0.32701948,0.054517496,0.34692818,0.29286385,-0.22754745,0.5092293,0.3567533,-0.62898856,-0.11712234,-0.12275377,0.090530746,-0.20796251,0.014986793500000001,-0.10135774,-0.44793284,0.083747156,-0.03254687,-0.46770126,0.23063819,0.15123098,-0.22609189,0.17950939,0.23501575,-0.18442246,-0.063649334,0.22929816,-0.50810355,0.15363058,0.057328805,-0.7061114000000001,0.17127758,0.030941978,-0.64885545,0.055889793,0.12603973,-0.68268204,0.10721158,0.124735124,-0.67541736,0.06684155,0.072300166,-0.6445985,0.19940637,0.10768791,-0.63219035,0.12057005,-0.006047650999999999,-0.002149471547454596,0.21578004956245425,0.0070755723863840094
27,0.5391559,0.2097692,-0.6154497,0.36902657,0.15266201,-0.21451981,-0.023243025,0.10763618,-0.045761715999999994,0.016632011000000002,0.3268125,0.05795757,0.34647262,0.28211713,-0.23451386,0.49222255,0.3640063,-0.64307934,-0.045197167,-0.08927271,0.05765575,-0.21005629,0.034839626,-0.099634655,-0.45396796,0.09418246,-0.029597556,-0.46114197,0.2467865,0.16130812,-0.20765814,0.19357052,0.2120757,-0.08479334,-0.02813178,0.22400105,-0.51218176,0.16900057,0.06370881,-0.7094951,0.19718735,0.02771975,-0.6630227,0.0808929,0.12772596,-0.6934559,0.13427596,0.12388683,-0.6867669,0.09211299,0.07275012,-0.6488824000000001,0.22387865,0.106677055,-0.6369838000000001,0.14119929,-0.004989162,-0.003305506892502308,0.2172243446111679,0.006097927689552307
28,0.5141522,0.21137562,-0.625062,0.36954325,0.16258727,-0.21463979999999996,-0.01459039,0.10199608,-0.027238653999999998,0.009238032,0.3355666,0.042398516,0.34299484,0.28572770000000003,-0.24314825,0.46602702,0.3607464,-0.6602432,-0.051342193,-0.07649013,0.049457707000000004,-0.22032325,0.03812986,-0.108411066,-0.45905077,0.09467031,-0.025242886000000003,-0.45834899999999995,0.2587957,0.15710524,-0.20387270000000002,0.20921671,0.20304008,-0.070763335,-0.0044926936,0.22788355,-0.51340896,0.1757454,0.06625321,-0.7043148,0.22707887,0.03498402,-0.6728927,0.09624726,0.121941574,-0.6974169,0.1524812,0.12383275,-0.6941316,0.11575099,0.06829833,-0.64307785,0.23808384,0.1170152,-0.63778055,0.16724706,-0.0025122613,-0.00267617916688323,0.21878135204315186,0.0075799310579895965
29,0.5290738,0.21859913,-0.64298844,0.3553176,0.17290488,-0.23975977,-0.026840784,0.111941844,-0.05384916,0.01994236,0.32068655,0.067136995,0.34408465,0.26582643,-0.23226202,0.49329135,0.34718516,-0.64133424,-0.09432765,-0.11569639,0.060311526,-0.19668047,0.037536018,-0.11780626,-0.4468924,0.095210284,-0.04172399,-0.45934254,0.24559104,0.16342677,-0.20464642,0.20286094,0.24355678,-0.11919650400000001,-0.03323241,0.26166463,-0.510077,0.17032716,0.059509274,-0.7061843000000001,0.21950571,0.035761144,-0.66985184,0.08924919,0.12192138,-0.69396627,0.14606229999999998,0.124659985,-0.6943438,0.10844388,0.06946343,-0.6396624,0.23138209,0.11361981,-0.6420956999999999,0.1588611,-0.006052665400000001,-0.003449211828410625,0.2163141965866089,0.0066439174115657815
30,0.5413059,0.21687575,-0.6480121999999999,0.34244564,0.17096831,-0.25908926,-0.028435979,0.115523994,-0.06289427,0.02109545,0.31079513,0.07609991,0.34005618,0.3028925,-0.22725326,0.53330654,0.37423876,-0.6153132,-0.21718234,-0.18226716,0.09744004,-0.20315976,-0.025853797999999997,-0.09985726,-0.44034037,0.085531354,-0.04463215,-0.46700642,0.23466563,0.14930862,-0.25097916,0.16829258,0.2912066,-0.21235700000000002,-0.07822166400000001,0.30493474,-0.50505435,0.16054496,0.049056903,-0.70405674,0.19374557,0.030636373999999997,-0.65520096,0.07561172,0.1263778,-0.6825441,0.13095430000000002,0.124971315,-0.6835405999999999,0.08792034,0.073892236,-0.63491786,0.21770559,0.10195534,-0.63855684,0.13309501,-0.009369478,-0.0036702649667859077,0.21315956115722656,0.006602820008993149
31,0.5571666999999999,0.2381599,-0.63139576,0.34680998,0.19243304,-0.24879397,-0.015258438999999999,0.104294315,-0.041859236,0.009805199,0.32559833,0.05822046,0.3309518,0.3338322,-0.23713097,0.53397006,0.3934612,-0.62174714,-0.27019197,-0.20530769,0.13089389,-0.20178118,-0.06425843,-0.0643114,-0.43369567,0.068636306,-0.031964414,-0.46474242,0.22473763,0.15713233,-0.26693472,0.12663828,0.30243635,-0.31352177,-0.115854494,0.289296,-0.5005565,0.14635997,0.059741925,-0.70252025,0.16423373,0.03883043,-0.6458202,0.050912045,0.13617563,-0.6783479,0.103323095,0.13398105,-0.6734363,0.060782975999999996,0.08280471,-0.63821614,0.19423123,0.11280568,-0.63058054,0.11071700000000001,0.0012060106,-0.0027266200631856923,0.21494632959365845,0.008180612698197365
32,0.5516746,0.25334314,-0.6117807,0.35712305,0.21408398,-0.22480892,0.0018600756,0.09850597400000001,-0.01424743,-0.0054812296,0.33658895,0.032490767999999996,0.32820612,0.34871653,-0.24046166,0.50783396,0.41454902,-0.6350690999999999,-0.2591591,-0.19153453,0.17367765,-0.20251676,-0.07094344,-0.03552871,-0.43469042,0.056878723,-0.015249443,-0.46149120000000005,0.22692794,0.16137315,-0.27067462,0.123425715,0.30377045,-0.39600240000000003,-0.08328527,0.294124,-0.49892676,0.14001118,0.07255494,-0.69863075,0.16059296,0.049415953,-0.64614046,0.043200985,0.14482875,-0.6790246,0.09510374,0.14329736,-0.6712718000000001,0.055204526,0.090472355,-0.63823336,0.18653513,0.12753145,-0.6254487,0.108896434,0.013172433,-0.0018105769995599985,0.2175474613904953,0.009121669456362724
33,0.513382,0.24950668,-0.6041791,0.35800204,0.24994534,-0.20371172,0.030208557999999996,0.115186855,0.04683318,-0.038834512,0.33404294,-0.030533021,0.3068703,0.38405126,-0.26398844,0.50813484,0.42670232,-0.64735836,-0.22492798,-0.186118,0.18600228,-0.21739215,-0.09667275,-0.04392154,-0.43798444,0.03231245,-0.0017736629000000002,-0.46906972,0.22332719,0.13553356,-0.26714075,0.19813293,0.29297256,-0.33394212,-0.033273086,0.30011258,-0.4997162,0.12247628,0.07216104,-0.69917554,0.1436598,0.06535807,-0.63750535,0.034683265,0.16485351,-0.67074203,0.08573732,0.16182178,-0.66728157,0.04205674,0.11185175,-0.6327479,0.17549019,0.13435915,-0.6289198,0.08914123,0.026703223999999998,-0.004312977194786072,0.22461488842964167,0.008150079287588595
34,0.5235848,0.27335888,-0.6329456,0.35284874,0.22879437,-0.23619711,0.0035983876,0.09987528,-0.024473496,-0.0059650927,0.33313537,0.041433014,0.32320303,0.36344448,-0.23679323,0.48400699999999997,0.43717363,-0.63758177,-0.18272282,-0.17838292,0.16179238,-0.21745355,-0.07245664,-0.06404231,-0.44391709999999995,0.046532404000000006,-0.0068034735,-0.45005625,0.19359003,0.1741596,-0.2099831,0.12975481,0.2649954,-0.1810005,-0.11523187,0.290686,-0.49537703,0.11589512,0.08375911400000001,-0.69287384,0.123602584,0.07041784400000001,-0.6292041,0.0084964335,0.16223806,-0.6641254,0.058778774000000006,0.16290718,-0.6579696999999999,0.019220397,0.10962263,-0.62874246,0.15223287,0.14473903,-0.61930716,0.074696645,0.029647327999999997,-0.001183352549560368,0.2165053188800812,0.008479759097099304
35,0.5199918,0.23609495,-0.6727578000000001,0.32953587,0.19542484,-0.27860248,-0.03680535,0.12780395,-0.07880315,0.03221791,0.29595858,0.08662894,0.31866997,0.32120442,-0.24872239,0.49426565,0.42472413,-0.6360485,-0.15650189,-0.18005922,0.121087305,-0.20246002,-0.05082833,-0.0938153,-0.43381220000000004,0.047508575,-0.0049988440000000006,-0.43556595,0.18235058,0.20524885,-0.17750236,0.15263839,0.267338,-0.10350202,-0.084702455,0.29136404,-0.48756072,0.10692217,0.10089636,-0.6864207,0.10935936,0.071188554,-0.62823915,-0.0049715936,0.16735923,-0.6633147,0.04583438,0.1656384,-0.6535075,0.00581906,0.11292374,-0.62739474,0.1400425,0.15025514,-0.60957456,0.060898636,0.035568863,-0.0022937208414077763,0.21188126504421234,0.003912895917892456
36,0.528992,0.17641600000000002,-0.6631404000000001,0.33167917,0.15857036,-0.26804176,-0.041615248,0.12478013,-0.070719495,0.033519395,0.302012,0.08057225,0.34348765,0.23545659,-0.22524770000000002,0.5445681,0.19862520000000003,-0.6127783,-0.43143752,-0.21291307,0.07443465,-0.26948583,-0.112175375,-0.08609596,-0.4404291,0.08895076,-0.016590726,-0.44839287,0.20219412,0.19764471,-0.3094922,0.019643936,0.32887438,-0.5115784999999999,-0.10495708,0.26856202,-0.49082524,0.14600623,0.0898272,-0.69164264,0.15126094,0.08316022,-0.6248783,0.026742457999999997,0.15710244,-0.65987337,0.077071935,0.16542552,-0.6559698,0.043838754,0.10750085,-0.6249895000000001,0.1726461,0.15808822,-0.61974907,0.10922491599999999,0.033525035,-0.004047926515340805,0.2133960723876953,0.0049263760447502145
37,0.51647973,0.22666784,-0.6564335,0.3501603,0.18684363,-0.25416574,-0.010311239,0.105397984,-0.042588543,0.008381386999999999,0.32727823,0.056748386,0.32386908,0.33851135,-0.2482772,0.500458,0.41845065,-0.6408455,-0.13226347,-0.18013656,0.10995589,-0.22052927,-0.05098815,-0.090388484,-0.44170013,0.043403015,0.009398353,-0.4472701,0.18973526,0.19523415,-0.19159009,0.17318082,0.25349462,-0.10923836,-0.05959317,0.27896345,-0.49398163,0.10733204,0.10395546,-0.6897681,0.1129813,0.0756882,-0.6321069,0.0022871569,0.17709023,-0.66678864,0.052978482,0.17303547,-0.6575922,0.010618657,0.12225638,-0.6302904,0.14562275,0.15306538,-0.61373466,0.062048893,0.04246681,-0.0009649260900914668,0.21633809804916385,0.0070799216628074655
38,0.53564405,0.22790806,-0.6383847,0.3532675,0.18743803,-0.24464360000000002,-0.009462047,0.10402976,-0.039937925,0.0060019204,0.32846648,0.05462417,0.3277573,0.3307808,-0.24145,0.49478182,0.39087662,-0.64218616,-0.16360459,-0.19558117,0.1255844,-0.21345156,-0.055957775999999994,-0.07887658,-0.44081753,0.046950713,0.0016557425,-0.44760755,0.19373721,0.18754986,-0.20200343,0.14633887,0.27002022,-0.13459751,-0.091710135,0.30040413,-0.49362084,0.11393030000000001,0.09606534,-0.6936852,0.11492942,0.08370586,-0.6247996,0.00880678,0.18219649999999998,-0.6606489999999999,0.058618425999999994,0.17989448,-0.6554072,0.014816642,0.1298152,-0.62809926,0.15104344,0.15350598,-0.6200087,0.064219035,0.04432538,-0.0017300634644925596,0.21624812483787534,0.007343122735619545
39,0.55106395,0.22402310000000003,-0.63142806,0.35049763,0.18976638,-0.24556094,-0.008663911,0.10256033,-0.037573606,0.006826559499999999,0.32952318,0.05186544,0.33859488,0.3215361,-0.23252593,0.51756406,0.36978555,-0.62937784,-0.19694176,-0.21321559,0.14247265,-0.19761878,-0.055935282,-0.053079985,-0.43199864,0.044498067,-0.0016764794,-0.45923018,0.17744964,0.17807364,-0.24423984,0.103821985,0.30746076,-0.22280778,-0.14338969,0.30836418,-0.49113917,0.10589284,0.08804376,-0.69096196,0.09457733,0.082239404,-0.61126614,-0.0049263686,0.1791229,-0.65102756,0.041990265,0.17748952,-0.64383984,-0.0017634779000000001,0.12766263,-0.6266662,0.13648766,0.14945391,-0.61491656,0.049487934000000004,0.040557683,-0.0009186759125441313,0.21604174375534055,0.0071459170430898675
40,0.5592265000000001,0.23767427,-0.6265119,0.34986004,0.19136178,-0.24552958,-0.0085675,0.10294771,-0.036971807,0.0048145670000000005,0.32948998,0.052718386,0.33659804,0.3262773,-0.23287275,0.51011956,0.36202413,-0.6341985,-0.23883155,-0.23653178,0.14460889999999998,-0.18325174,-0.08044696,-0.04180021,-0.41988770000000003,0.036959723,-0.010315043000000001,-0.45640376,0.17929476,0.18103272,-0.2532571,0.09056337,0.32059458,-0.3094594,-0.14586362,0.29254043,-0.48704659999999994,0.10187091,0.0851325,-0.69049704,0.095174804,0.07944829,-0.6128918000000001,-0.01608564,0.16388458,-0.65191436,0.03147965,0.1679109,-0.6454966,-0.006199643,0.11317345,-0.6255379,0.12802629999999998,0.15105042,-0.6155535,0.054124452,0.032872595,-0.0018764664418995378,0.21621884405612946,0.007873289287090302
41,0.5383321,0.23763019,-0.6436126999999999,0.34780964,0.1896215,-0.2515161,-0.021419734,0.112971365,-0.06027917,0.016161557,0.31449422,0.07345877599999999,0.33810690000000004,0.31172526,-0.22637743,0.5107206,0.3630875,-0.62548757,-0.19970223,-0.22322148,0.1624138,-0.17675114,-0.08330236,-0.04605461,-0.41578937,0.036000784,-0.026081687000000003,-0.45174503,0.17129983,0.17816348,-0.23345934,0.10249666,0.30920383,-0.29809394,-0.12996686,0.28652295,-0.48512715,0.09580332,0.07477435,-0.6903883000000001,0.08354302,0.07363098,-0.6059624,-0.028760232,0.14840892,-0.6459361,0.017488264,0.15664276,-0.6411805,-0.017495677,0.10008138,-0.6228800999999999,0.11535551,0.14348438,-0.61666894,0.04709281,0.021923027999999997,-0.0026290882378816605,0.2137327939271927,0.006589803844690323
42,0.53721154,0.23365189999999997,-0.63708997,0.34848183,0.20085765,-0.24512531,0.0048975929999999996,0.09987721,-0.017276578,-0.007432408000000001,0.33639369999999996,0.03499749,0.340072,0.33874509999999997,-0.22784229,0.5033065999999999,0.38032955,-0.63202053,-0.1573661,-0.16428003,0.14999418,-0.17883544,-0.040577594,-0.06467058,-0.42329659999999997,0.020214645,-0.008129407,-0.46070495,0.16855672,0.16016442,-0.22601974,0.15626510000000002,0.26978615,-0.21156615,-0.08580143,0.28406729999999997,-0.48815596,0.08412385,0.07716264,-0.68614376,0.08109863,0.072781645,-0.60983247,-0.031012736000000003,0.15787116,-0.64811724,0.016848162,0.16162711,-0.64232343,-0.021168417999999998,0.10713822,-0.62044847,0.11279888,0.14389478,-0.6119496999999999,0.038187623,0.02702824,-0.0012674075551331045,0.21813546121120453,0.008860455825924873
43,0.5410973000000001,0.23134498,-0.6444125,0.34696105,0.18630543,-0.25372535,-0.008365981,0.103831954,-0.03688889,0.004530789,0.32965186,0.052443445,0.3343975,0.33457664,-0.23538536,0.52120435,0.39397636,-0.62779474,-0.09213051,-0.14631878,0.102998726,-0.19278902,-0.021684006000000002,-0.09400361,-0.43195233,0.034870356,-0.0076182764,-0.45267805,0.17774688,0.17884415,-0.20025179,0.16924313,0.24986489,-0.112095356,-0.06174569,0.27218312,-0.49088466,0.094769515,0.08761568,-0.6911843000000001,0.08613997,0.08087778,-0.611776,-0.026969634,0.16209698,-0.65110636,0.01999019,0.16751312,-0.6444146,-0.016015573999999998,0.11166291,-0.6259278,0.11733759,0.15343975,-0.615525,0.04685875,0.03343197,-0.0019175962079316375,0.2167419046163559,0.0077772773802280435
44,0.5215552,0.21957779,-0.6657564,0.33670563,0.16555804,-0.27057683,-0.033352535,0.12380172,-0.07360595,0.027443223,0.304286,0.082435854,0.32818693,0.29835472,-0.24249433,0.5138568,0.37115496,-0.63268185,-0.05639537,-0.11262756,0.059745014000000006,-0.1887861,0.018791635,-0.11537239,-0.42921275,0.04502812,-0.011224043999999999,-0.44140488,0.17353997,0.20103529,-0.18311255,0.15389231,0.25008407,-0.072879955,-0.07053091,0.26214740000000003,-0.4880347,0.097332925,0.097426675,-0.6903883000000001,0.08838488,0.08197549,-0.613847,-0.028075977999999998,0.16064736,-0.6533081000000001,0.018936262,0.16700664,-0.6446783,-0.014723523999999998,0.10983657,-0.62782145,0.11718110000000001,0.15886556,-0.6128134,0.051342412999999996,0.03566225,-0.002954656258225441,0.21404385566711426,0.004414953291416168
45,0.5317066999999999,0.20910212,-0.6497909000000001,0.34578028,0.16225535,-0.25597623,-0.020532122,0.11014909,-0.049937605999999995,0.016371936,0.32229704,0.06316009,0.33486336,0.29241702,-0.24225503,0.49196590000000007,0.35205698,-0.6487166,-0.056060776,-0.1375605,0.031885244,-0.19191091,0.022415712,-0.11596423,-0.43144970000000005,0.054707617,-0.013871592,-0.4425571,0.16560999999999998,0.20180067,-0.1863372,0.14807391,0.27045274,-0.09860667599999999,-0.08479423,0.27424076,-0.48756787,0.09797833,0.09664091,-0.68708456,0.09651727,0.087660715,-0.6138081,-0.028167947999999998,0.157203,-0.6510342,0.019719377,0.1672909,-0.6452959,-0.010475792,0.10804253,-0.6212701,0.116515405,0.16425267,-0.61278665,0.05893328,0.037218906,-0.0020800931379199032,0.2162230610847473,0.006611242890357971
46,0.55583954,0.21233337,-0.6502904,0.33155033,0.16902976,-0.27246642,-0.04251335,0.13452382,-0.08352351,0.03451413,0.29111079999999995,0.090225846,0.332777,0.27416506,-0.23823977,0.49394345,0.33367032,-0.6429758000000001,-0.1281572,-0.20207486,0.050280962,-0.18724318,-0.017291134,-0.11584469,-0.42761759999999993,0.05737392,-0.025206007000000002,-0.44641400000000003,0.16506098,0.19431913,-0.21122774,0.10494726,0.30698743,-0.15102823,-0.13867773,0.31891882,-0.48741803,0.10371229,0.0851597,-0.69162154,0.09293859,0.08888407,-0.6065956,-0.020584889,0.16171729999999998,-0.64501595,0.026933491,0.17076674,-0.6433566999999999,-0.009097643,0.114449635,-0.62060905,0.12451301,0.15545738,-0.62022316,0.05381982,0.033804968,-0.003999609500169754,0.21281731128692627,0.003351166844367981
47,0.5140066,0.18988656,-0.65916294,0.3387373,0.17715876,-0.25608546,-0.014738843,0.10295178,-0.028194398,0.010738082,0.33420312,0.043309044000000005,0.341931,0.27627942,-0.23836935,0.5232094,0.22139297,-0.635038,-0.34159774,-0.22902277,0.0860727,-0.23677188,-0.07977104,-0.08337245,-0.44047582,0.07915536,-0.00973535,-0.45033512,0.20324202,0.19703114,-0.25694242,0.07111276,0.32361615,-0.38414633,-0.1315271,0.27477434,-0.4933821,0.13802098,0.09562605,-0.69233924,0.14303061,0.09193967,-0.6251267,0.022872708999999998,0.17403728,-0.65992963,0.073526435,0.17915013,-0.65653354,0.036697388,0.123528734,-0.6247759,0.16794343,0.1649374,-0.6210238,0.09673619,0.044989847,-0.002000380307435989,0.21857744455337524,0.007557323202490807
48,0.5566555999999999,0.20741963,-0.6465692,0.33050698,0.17789514,-0.27099416,-0.033223197,0.11920716599999999,-0.06738699,0.029838316,0.30632123,0.077389725,0.33349829999999997,0.27533520000000006,-0.24015267,0.5213878,0.30797870000000005,-0.63272315,-0.24901731,-0.24648988,0.077571936,-0.20768014,-0.06962862,-0.09552155400000001,-0.42740142,0.055304628,-0.015823115,-0.45349196,0.1616737,0.18888135,-0.24769940000000001,0.07271826,0.32378718,-0.27359137,-0.17241749,0.30805734,-0.48519632,0.10191460000000001,0.08673344,-0.6864102,0.08886876,0.09682189999999999,-0.598906,-0.021772139,0.17129587,-0.63733506,0.025761835,0.1796397,-0.63702154,-0.012225516,0.12470404,-0.6143287,0.12255289,0.15985084,-0.6165465,0.048102804000000006,0.04123281,-0.0016924403607845304,0.2127642035484314,0.005001366138458252
49,0.5506512,0.21568738,-0.6392241,0.34407657,0.18532972,-0.25300503,-0.01623023,0.10580029999999999,-0.045197077,0.015534915,0.32318544,0.05953533,0.32552764,0.30460966,-0.24841732,0.5267782,0.31572065,-0.6370984000000001,-0.31210345,-0.23980941,0.11423097,-0.21986848,-0.10037186,-0.07079931,-0.4300267,0.049856152,-0.014949248,-0.45079237,0.15329072,0.18751177,-0.25370324,0.028698029,0.30330804,-0.35189486,-0.19322619,0.27660567,-0.4845299,0.09609999,0.08803022,-0.6850062,0.07897578,0.11818524,-0.58726203,-0.030651658999999998,0.17958976,-0.6257776999999999,0.015213385,0.19328669,-0.63056076,-0.021384268999999997,0.13776708,-0.6076078,0.112446696,0.17338328,-0.62112373,0.041642204,0.05424875,-0.00034765712916851044,0.21449287235736847,0.007169125601649284
50,0.5509575,0.22688214,-0.6407210999999999,0.34273717,0.20522310000000002,-0.2550111,-0.011766603,0.106597364,-0.044982888,0.010800457,0.32327649999999997,0.06108261,0.32173386,0.31819424,-0.2468139,0.51065654,0.32373142,-0.6416439,-0.29946637,-0.24349207,0.118413426,-0.22329812,-0.10539666,-0.075833336,-0.4301281,0.04880031,-0.017212731999999998,-0.4361503,0.14082813,0.20322719,-0.22490904,0.014158518,0.2940188,-0.3574909,-0.17884973,0.23815519,-0.48081186,0.08809756,0.09658886,-0.6828119,0.06812635,0.12993905,-0.5835855999999999,-0.046277776,0.17814088,-0.6219659000000001,-0.00227049,0.19722347,-0.62771547,-0.033055745,0.13840435,-0.6042345,0.096284896,0.1869021,-0.62024987,0.037945427000000004,0.06181916,-0.0004830732941627502,0.21493692696094516,0.0080498605966568
51,0.54061556,0.23873484,-0.6514564,0.33932829999999997,0.21745802,-0.26252204,-0.014532096999999999,0.10980194,-0.05482548,0.014943323,0.31671175,0.06787222,0.33435795,0.3056487,-0.23313579,0.50585276,0.33500016,-0.6355871,-0.23813939999999997,-0.23517674,0.0779202,-0.23593698,-0.05384655,-0.09646565,-0.44489953,0.059785224000000005,-0.0028254966999999996,-0.42750695,0.12284893,0.20891342,-0.1995544,0.005161927,0.26192895,-0.2703018,-0.22750682,0.23371851,-0.48022023,0.083959915,0.10732037,-0.67640454,0.055508065999999995,0.13606405,-0.5747459,-0.056715377000000004,0.18614341,-0.6147205,-0.013953067,0.2044444,-0.6182922,-0.044553906,0.14532396,-0.59987444,0.08538506,0.1948509,-0.6110764,0.02675578,0.068903565,0.0002056132070720196,0.2132568508386612,0.006523368880152702
52,0.5234114000000001,0.21913491,-0.6757323000000001,0.31322765,0.18201819,-0.2900365,-0.057418972,0.15353902,-0.095053256,0.047461703,0.2696783,0.096951656,0.32599872,0.26400074,-0.24505235,0.51621264,0.31588449999999996,-0.63433826,-0.16921914,-0.2102882,0.04140343,-0.21621613,-0.036151886,-0.14061953,-0.42820576,0.054130696,-0.004654849,-0.40843627,0.10657594,0.23413299999999998,-0.16708884,0.003725777,0.28419885,-0.091319576,-0.23609707,0.25144938,-0.4677505,0.07274681,0.11894246,-0.6712497,0.040117882,0.13095799,-0.5712395,-0.071335,0.18372959,-0.6131773,-0.029905684,0.20101568,-0.61161405,-0.058124475,0.1404266,-0.5997389,0.07089010000000001,0.19752392,-0.6003122,0.016514473,0.06735644,-0.0049786344170570365,0.2116086483001709,0.0009492002427577972
53,0.53544223,0.19289899,-0.66260535,0.3161699,0.15079416,-0.28385141,-0.056224696,0.15259111,-0.09464608,0.045311300000000006,0.27441459999999995,0.09639452400000001,0.32413632,0.24163383,-0.24573217,0.51048154,0.28656617,-0.63909924,-0.09312523,-0.18656807,0.031471737,-0.20637897,-0.03214677,-0.14073291,-0.42297196,0.03574186,0.0029473463,-0.40329108,0.1053375,0.23774865,-0.14012657,0.06848337,0.28872266,-0.013765815,-0.14969915,0.2709933,-0.46399188,0.06008185,0.12384226,-0.6676328,0.031465195,0.13033532,-0.5710064,-0.08387163,0.18231753,-0.6126869,-0.042224087,0.19979866,-0.60973996,-0.06837289999999999,0.13825484,-0.59747607,0.05873684,0.20057598,-0.5951651,0.008532442,0.06842836,-0.005456699058413506,0.2135028541088104,0.0008742213249206543
54,0.5482180999999999,0.19665508,-0.6552209,0.32261837,0.15725276,-0.27891338,-0.054603714000000005,0.15348011,-0.09594758,0.044294827,0.271384,0.09752821,0.31860837,0.24709147,-0.24812742,0.5254025,0.26910865,-0.63365734,-0.11735808,-0.1925098,0.024426201,-0.20463252,-0.016135857,-0.13922569,-0.42464235,0.038135972000000004,0.0020803846,-0.39992958,0.09859073,0.23684794,-0.13507642,0.070142455,0.29067364,-0.014501903,-0.15055907,0.29435828,-0.46278128,0.056979902,0.1239415,-0.6645925,0.035666768,0.13557848,-0.5731269,-0.086438656,0.18220085,-0.6119751999999999,-0.042992175,0.20184907,-0.6120310999999999,-0.06779261,0.1395517,-0.59131783,0.05705786,0.20442268,-0.5950732,0.009862378,0.071176864,-0.0051544439047575,0.21243205666542053,0.0007903166115283966
55,0.5673286999999999,0.18664633,-0.64357,0.32416987,0.15701616,-0.27524117,-0.053350682999999996,0.1484572,-0.092545845,0.041215442000000005,0.27879027,0.09562958,0.33303723,0.25109503,-0.23565170000000002,0.5491458,0.26502207,-0.61770993,-0.15581265,-0.23724554,0.040878553,-0.18743293,-0.049774434000000006,-0.13054039,-0.41562150000000003,0.034323953,-0.008921812,-0.41254464,0.109606385,0.2282506,-0.16362444,0.052529037,0.32368603,-0.07393953,-0.18446854,0.33173993,-0.46418393,0.060460564,0.113436624,-0.666779,0.027162459,0.13294616,-0.56548864,-0.08143251,0.1900552,-0.60664684,-0.03832841,0.20567268,-0.60726607,-0.071028836,0.14719614,-0.5929123000000001,0.06212028,0.19456938,-0.59799504,-0.0015792996,0.06840203,-0.00606762059032917,0.21362373232841486,0.0015418678522109985
56,0.5891229,0.18310909,-0.6168368000000001,0.34289283,0.16445142,-0.25234812,-0.036874782,0.12727454,-0.07776984599999999,0.029298527,0.29791164,0.08590216,0.3342718,0.2648359,-0.23036209,0.54849523,0.25772816,-0.61144423,-0.25228664,-0.27028573,0.07873493,-0.197661,-0.10169987400000001,-0.09851258,-0.41592982,0.025307821,-0.0025869785,-0.42774823,0.13147122,0.21173292,-0.20337099,0.058991108,0.34022585,-0.23896816,-0.18504489999999998,0.34488776,-0.46803236,0.06775734,0.10807830000000002,-0.66643614,0.030139062999999997,0.13778248,-0.55894494,-0.065540105,0.20507357,-0.6016952,-0.022593937999999997,0.21623772,-0.602548,-0.06283859,0.16284384,-0.5930126,0.075398386,0.19100999999999999,-0.59864473,-0.004284784,0.07580221,-0.0037881275638937954,0.21259309351444244,0.0040661580860614785
57,0.57490134,0.18540442,-0.59073323,0.36916927,0.19503282,-0.20787273,0.0026282353999999997,0.10003919,-0.014918312,-0.0055048405,0.3378213,0.031826828,0.33180383,0.305186,-0.24111906,0.5465439999999999,0.2716969,-0.6178842,-0.23282856,-0.24142654,0.13153529,-0.19456798,-0.10851854,-0.07429965,-0.41668877,0.015089802,0.0024166739999999997,-0.43828726,0.14698657,0.19899023,-0.21490052,0.06252549,0.30092409999999997,-0.2995777,-0.16365114,0.29641503,-0.4742675,0.07165953,0.10568038,-0.6750501999999999,0.053172726,0.14667086,-0.5713189999999999,-0.051883556,0.20463958,-0.61019886,-0.0072298497,0.21955445,-0.6169336,-0.04498522,0.16521811,-0.5959920999999999,0.08950337,0.1966806,-0.61406237,0.016374297,0.080571815,-0.0014383025700226426,0.2189302444458008,0.008454257622361183
58,0.50675714,0.17927398,-0.6645637,0.33707395,0.15753867,-0.26265258,-0.035496626,0.12246264,-0.07104884,0.028879005,0.30437016,0.07921932,0.34858572,0.23961562,-0.21771121,0.4987634,0.253768,-0.6274043,-0.20863716,-0.21499585,0.0855305,-0.20954034,-0.040784277,-0.09617929,-0.43618348,0.07073708,-0.015763111,-0.44818634,0.18062817,0.1904853,-0.23151642,0.07281752,0.30077407,-0.21743524,-0.17645623,0.29091567,-0.49012506,0.123076566,0.08562214,-0.688606,0.12371965,0.07417134,-0.6197434,0.009225734000000001,0.16178384,-0.6553366,0.05928176,0.16437545,-0.65097106,0.01990664,0.1107036,-0.6221628,0.15355304,0.14583836,-0.6159929,0.07635321,0.029377527999999997,-0.003308810293674469,0.21341639757156367,0.0040852390229702
59,0.57774603,0.21377477,-0.5748658,0.37542123,0.22188784,-0.19171225,0.019536283,0.104469486,0.014336175,-0.026386867999999997,0.3413145,0.0027612345,0.32303524,0.3345428,-0.2511927,0.5568914,0.2793246,-0.6142859,-0.17468403,-0.20669289,0.11834716,-0.19216405,-0.07211691,-0.08917122,-0.42544702,0.017421909,-0.008143964,-0.43731624,0.15764070000000002,0.19357105,-0.19050246,0.11418146,0.27133855,-0.27607800000000005,-0.10720062,0.24800646,-0.48076245,0.07614798,0.10203300400000001,-0.6806241,0.073881015,0.1489557,-0.5864539000000001,-0.044216715,0.19771066,-0.6209219,0.0023834035000000003,0.21630576,-0.63151854,-0.03040333,0.15946870000000002,-0.5979553000000001,0.0987914,0.20020123,-0.6238104,0.036699016,0.07987086,-0.003425292670726776,0.22289198637008667,0.008548704907298088
60,0.56840193,0.24963465,-0.5711158000000001,0.37550703,0.23498227,-0.18416275,0.018531887,0.10445752,0.017387064,-0.022987008,0.34196309999999996,-0.0015650956,0.33490482,0.29896194,-0.24237376,0.5737350999999999,0.22015144,-0.5983153,-0.11562079,-0.17672662,0.09541793,-0.19790038,-0.047205936,-0.102102526,-0.42667309999999997,0.015058391,0.0044493694,-0.4385246,0.15580255,0.19399557,-0.18520191,0.15132135,0.26626974,-0.19567408,-0.08927124,0.25113642,-0.4785713,0.07302522,0.10915974,-0.67620385,0.06276147,0.15417008,-0.5751397,-0.044638082,0.21409798,-0.6126859,0.0013560279999999998,0.22810245,-0.62053853,-0.037037253,0.17440213,-0.59566915,0.09715689999999999,0.20346262,-0.6163463,0.022826776,0.08918548400000001,-0.0022275606170296673,0.22321031987667084,0.007910984568297863
61,0.5924772,0.26942125,-0.59523153,0.35286444,0.18994947,-0.23502435,-0.041895032,0.13577527,-0.08675535,0.033151444,0.28731924,0.09104057,0.33959758,0.23570225,-0.21983069,0.55502117,0.20478925,-0.59687436,-0.10878167,-0.15723115,0.03528137,-0.21542756,-0.0021545952,-0.1370253,-0.43519217,0.052253905999999996,0.000875053,-0.40596783,0.12320469,0.22986537,-0.13796869,0.10198115599999999,0.26163843,-0.058164075,-0.13358362,0.25330156,-0.47129099999999996,0.07652741,0.12172260000000001,-0.6727571,0.04479335,0.1507707,-0.5670889,-0.06623489,0.19236019,-0.6077746,-0.025505856,0.21390143,-0.6115175,-0.053289502999999995,0.15329653,-0.5959920999999999,0.07508658,0.21022886,-0.60790527,0.022096582000000003,0.08105861,-0.004371793940663339,0.21154725551605225,0.0021426081657409672
62,0.593141,0.28100485,-0.58929783,0.3509224,0.1592877,-0.24085195,-0.046934425999999994,0.13938262,-0.08752609,0.035833307,0.28925964,0.09037411,0.33618882,0.21957314,-0.22740985,0.55007684,0.18782629,-0.6095454,-0.08132305,-0.14529334,0.006584394,-0.21479139,0.020479271,-0.13769598,-0.43411362,0.05460351,0.007689351999999999,-0.40311667,0.12571217,0.23866493,-0.1321895,0.1138434,0.25649953,0.008277116,-0.096148476,0.24894305,-0.47009978,0.07798499,0.12978092,-0.67141616,0.05112963,0.15056221,-0.57281023,-0.06976799,0.18287595,-0.61246014,-0.029805957999999997,0.20774311,-0.61436176,-0.049635135,0.14378655,-0.59597135,0.07063662,0.21786999999999998,-0.6036446999999999,0.03390407,0.08194771,-0.005550559610128403,0.21432113647460935,0.001424010843038559
63,0.59388214,0.28070268,-0.59374964,0.34675079999999997,0.17104946,-0.24261747,-0.054146346,0.15005873,-0.094731435,0.039986704,0.27638033,0.09558664,0.3486023,0.1983646,-0.20863046,0.5858321,0.17491703,-0.57784426,-0.12920693,-0.1608249,0.003646103,-0.22064856,0.020507382,-0.15255553,-0.43660724,0.06834709,-0.00022956729,-0.39629894,0.11165582,0.23954554,-0.123761155,0.091453254,0.25864363,-0.039191846,-0.1433364,0.23977408,-0.46907902,0.07907569,0.1270923,-0.6724222,0.054514825,0.15705086,-0.5732113,-0.066602066,0.18511078,-0.6109041999999999,-0.025734186000000003,0.21147706,-0.61719227,-0.04700125,0.14836377,-0.5926798000000001,0.07422389,0.21800518,-0.6099565,0.035266942999999995,0.0836957,-0.007079821079969406,0.2132195234298706,0.00042760372161865234
64,0.6018306,0.25247034,-0.5969505,0.35119253,0.18932624,-0.23816572,-0.041637566,0.13028148,-0.07988532,0.031465225,0.29609928,0.08553722,0.35570234,0.23012303,-0.20292713,0.6172771,0.18137857,-0.5507898,-0.19907373,-0.15281953,0.027238369,-0.24151248,0.015808258000000002,-0.15574773,-0.44467619999999997,0.0759903,0.003942005300000001,-0.40511084,0.12577246,0.23694366,-0.14415942,0.05959838,0.25434703,-0.13686608,-0.18526752,0.21981223,-0.47416723,0.09056843,0.128566,-0.67367214,0.052697614000000004,0.16750781,-0.56444556,-0.060187787,0.19067216,-0.6041028,-0.02260214,0.21882471,-0.6112958000000001,-0.043941632,0.15596113,-0.59356934,0.07821652,0.2249138,-0.61309123,0.038664527000000004,0.091778286,-0.005086170509457588,0.21319037675857544,0.0028259493410587306
65,0.58996207,0.24612963,-0.5953703,0.3629445,0.20268765,-0.22196189,-0.014703792,0.10668282,-0.04536936,0.008137341999999999,0.325623,0.05873637,0.35375085,0.27327976,-0.20499682,0.6178799,0.21828255,-0.5498823,-0.22291787,-0.18791202,0.059134193,-0.23266660000000003,-0.03138583,-0.13505743,-0.43937424,0.053159572,0.009305632,-0.40585148,0.13640183,0.23314743,-0.16446960000000002,0.025441267000000004,0.24840353,-0.2739433,-0.18571772,0.19249503,-0.47188532,0.08598792,0.13154605,-0.6700901999999999,0.057728965,0.17876466,-0.5656277,-0.05918011,0.20419183,-0.6031696,-0.01914613,0.23169711,-0.6123513,-0.04200375,0.16970262,-0.5879718,0.08093744,0.23421682,-0.61157703,0.038564727,0.103550404,-0.003283224999904633,0.21615290641784668,0.006683504208922386
66,0.58646774,0.22570655,-0.57992184,0.37370290000000006,0.21669865,-0.19924235,0.0043008868,0.10067608,-0.013148056000000002,-0.01088895,0.33965059999999997,0.028195683,0.36131454,0.30661459999999996,-0.19884786,0.6029498000000001,0.26409316,-0.56135935,-0.1678957,-0.18008803,0.084516756,-0.22746868,-0.051866062000000004,-0.122487746,-0.43854856,0.03546734,0.009252435,-0.4167611,0.14652336,0.22056518,-0.16781686,0.0640173,0.22496775,-0.2679237,-0.14976378,0.17010275,-0.4771623,0.08212234,0.1248319,-0.6769515,0.06702761,0.17184108,-0.57577956,-0.04772324,0.21454406,-0.6124024,-0.0035759135999999998,0.2354587,-0.62204427,-0.034573577,0.17740959,-0.5945252,0.09475088,0.22334927,-0.6191309,0.035788782000000005,0.100445874,-0.0032940316013991837,0.22016334533691406,0.007523813284933567
67,0.55683047,0.19569062,-0.5808273,0.38187468,0.20896459,-0.18546294,0.0012734227,0.10057859,-0.023234252,-0.007818763000000001,0.33665037,0.03677997,0.35853422,0.31345525,-0.19735917,0.5654795,0.30102086,-0.58129984,-0.07891762,-0.17510827,0.069997974,-0.21064825,-0.049871102,-0.10538654,-0.43271747,0.029654456000000003,0.011907788,-0.40467018,0.14021415,0.22178593,-0.15244314,0.071072,0.19297166,-0.19451189,-0.15953024,0.12753196,-0.47090077,0.077361465,0.12598906,-0.6722876,0.058393932999999995,0.17065349,-0.5676175999999999,-0.052834697,0.21333408,-0.6056562,-0.010348536,0.23432761,-0.61393833,-0.041378557999999996,0.17617154,-0.59117323,0.088542715,0.22257872,-0.6130734,0.02920331,0.099357754,-0.003272670321166516,0.21861448884010315,0.006772859022021294
68,0.5605982,0.18556865,-0.5991506999999999,0.36659992,0.14818133,-0.21187527,-0.031789422000000005,0.123590484,-0.075935654,0.022651125,0.30384029999999995,0.080752,0.36329156,0.26301906,-0.19175132,0.55966085,0.29781008,-0.5802461,-0.098553486,-0.1622909,0.03204521,-0.22390777,-0.0030644399,-0.12338857,-0.44191440000000004,0.060600042,0.0073606307,-0.39802694,0.11950011,0.2273426,-0.13349125,0.08527762400000001,0.20748557,-0.0813425,-0.14099719,0.12065469,-0.46833062,0.07941923,0.12528442,-0.66263,0.036535673,0.17510128,-0.54759896,-0.07123132,0.19527897,-0.5867886999999999,-0.034775823,0.2242386,-0.59704655,-0.058300807999999996,0.16282433,-0.58030784,0.06600851,0.22607129999999998,-0.6062765999999999,0.021953732000000004,0.09612232400000001,-0.004569148644804954,0.21371540427207947,0.0024081729352474213
69,0.50705093,0.21359825,-0.6701866,0.3316571,0.15758906,-0.2684487,-0.053890318,0.14657117,-0.090685695,0.040984992000000005,0.28279102,0.09336181,0.34680656,0.2094416,-0.21976253,0.51873946,0.22964033,-0.62352043,-0.09957202,-0.20648004,0.054718262999999996,-0.19555450000000002,-0.021807157,-0.10110723,-0.43381643,0.072207235,-0.014101038,-0.42391986,0.16235608,0.22238964,-0.17054848,0.08386077,0.28495875,-0.08236331,-0.15527195,0.2943852,-0.48541227,0.11463126,0.104176015,-0.68855345,0.12515587,0.08155452,-0.6286351,0.0012575537,0.16283652,-0.6625068000000001,0.05267212,0.16778459,-0.6564127,0.017530888,0.111149,-0.6246656999999999,0.14717788,0.15988132,-0.6148256999999999,0.07912811,0.036643155,-0.006452662870287895,0.214681088924408,0.0013380572199821472
70,0.56553906,0.18381539,-0.62184495,0.34336895,0.15123796,-0.24335489999999999,-0.05123713,0.14455631,-0.090790145,0.03880252,0.28114137,0.09348874,0.35551515,0.23717129,-0.20997743,0.5615984,0.27075097,-0.59425026,-0.13020179,-0.13606595,0.0009223544,-0.24231529,0.037563703999999996,-0.1511372,-0.44849283,0.085146025,0.0034626991999999997,-0.39270228,0.10348971,0.23631525,-0.12286729,0.09491132,0.22550572,0.013823183000000001,-0.10102984,0.14947945,-0.47007975,0.08177728,0.1284018,-0.66540414,0.028973341,0.17797226,-0.546193,-0.074716404,0.1833091,-0.5852155,-0.04232268,0.2171535,-0.59723437,-0.060975343,0.1543813,-0.5824441999999999,0.058070444000000006,0.22846216,-0.6118107,0.02431418,0.09554217,-0.006217304617166519,0.21284884214401245,0.0013492964208126068
71,0.5934742,0.19511026,-0.61227244,0.34269595,0.17028868,-0.25069374,-0.04617721599999999,0.13590404,-0.08396199,0.038029707999999995,0.28972036,0.08779932,0.35131368,0.24026221,-0.21810278,0.57845235,0.23823145,-0.59157354,-0.17249160000000002,-0.12319628,0.008429785,-0.25959933,0.05506055,-0.14967984,-0.4532732,0.08971612,0.013547088,-0.40539926,0.108660534,0.23349687,-0.13940835,0.09498281,0.23713008,-0.019032989,-0.112997055,0.17223997,-0.4746795999999999,0.08715932,0.13001458,-0.6684704,0.039847545,0.17461936,-0.55297333,-0.06845321,0.18549073,-0.59216714,-0.03404841,0.21766445,-0.6025479,-0.05304745,0.15450779,-0.58649683,0.066617996,0.22783437,-0.61195874,0.03186153,0.09422169,-0.0040737539529800415,0.2128122001886368,0.0019186623394489288
72,0.61032796,0.1953906,-0.6017496,0.34240016,0.16902365,-0.25193036,-0.044544473,0.13379474,-0.08267134,0.035542727,0.2917554,0.086851254,0.35642776,0.23844391,-0.20931190000000002,0.6032196999999999,0.23350015,-0.5718501,-0.18905309,-0.1806386,0.020718742,-0.25530735,0.00648402,-0.14116822,-0.45364636,0.09434703,0.0031780498,-0.41720998,0.12727034,0.22547501,-0.16132838,0.05721631,0.24084781,-0.09363363,-0.17518989999999998,0.17482835,-0.48102212,0.10238413,0.11983256,-0.6769803000000001,0.065429725,0.16384265,-0.5680316999999999,-0.049381405,0.17907095,-0.60574126,-0.012197613999999999,0.20976172,-0.61610234,-0.031664147999999996,0.14677969,-0.5941899,0.08828430599999999,0.21791515,-0.61984056,0.052855514000000006,0.084542274,-0.004500873386859894,0.2127750813961029,0.0020899586379528046
73,0.6175746,0.20058925,-0.58534855,0.35548666,0.17313364,-0.23084946,-0.035920545,0.12277491,-0.072533116,0.026743657999999997,0.30489996,0.07968088,0.35651603,0.25037852,-0.20596653,0.61434,0.21606731,-0.5582713,-0.2511381,-0.22550116,0.05365938,-0.23661464,-0.04588446400000001,-0.12379119,-0.44262397,0.07312736,-0.0026400164,-0.42316914,0.14131954,0.22086412,-0.19061899,0.014462541,0.24820171,-0.22777322,-0.21723452,0.16129988,-0.48038527,0.10319828,0.11481729,-0.6800746999999999,0.07855284,0.15080488,-0.5788804,-0.038004502999999995,0.18819943,-0.6170554,0.0042134076,0.21134143,-0.6234052,-0.022290304,0.15034036,-0.6005473000000001,0.10462886,0.20883441,-0.617889,0.05454874,0.07903167,-0.004588443785905838,0.2138374298810959,0.0035738833248615265
74,0.6037773,0.20735735,-0.5749207,0.36688814,0.19409396,-0.20725673,-0.008451278000000001,0.10078968,-0.02705001,0.0033524695,0.33459508,0.040578634,0.35578966,0.27137908,-0.20865968,0.6171473000000001,0.20177792,-0.55117583,-0.28323059999999994,-0.2309478,0.09882607,-0.23369727,-0.08720299,-0.09801863,-0.43669033,0.05279062,0.0011901446000000002,-0.43232223,0.15651214,0.20843384,-0.20894389,0.026686732,0.24625202,-0.29302007,-0.1772233,0.13882871,-0.48094848,0.100726254,0.11029305,-0.6796255,0.09474153,0.14660677,-0.59047306,-0.029376588999999998,0.19029269,-0.6251793999999999,0.016561516000000002,0.21113226,-0.6327537,-0.011103556,0.15096045,-0.5993643,0.1143589,0.20536074,-0.61903465,0.062422976,0.077909455,-0.00254940427839756,0.21769237518310547,0.006764311343431473
75,0.60185206,0.23346929999999996,-0.571345,0.36911803,0.22474463,-0.20236853,0.010063761,0.10092042,-0.0052834684,-0.01571946,0.34065375,0.020389793,0.3551993,0.30598363,-0.20657493,0.61034715,0.22283928,-0.55048245,-0.21284157,-0.19343892,0.12228287,-0.22473606,-0.06996567,-0.094003595,-0.44136676,0.040934093,-0.00011803023499999999,-0.42731640000000004,0.15457228,0.20836024,-0.17925173,0.07741672,0.20924734,-0.26578528,-0.11936891,0.100142896,-0.48340723,0.08996188,0.11229819,-0.68157434,0.090500206,0.15206298,-0.5947626,-0.035732634,0.19443128,-0.62814367,0.010654822,0.21573374,-0.63708556,-0.016413368,0.15556467,-0.6001578000000001,0.107623205,0.20976350000000002,-0.6227205,0.05718701,0.08297133400000001,-0.002827849704772234,0.22078707814216614,0.007553162518888713
76,0.6125972,0.276219,-0.56232506,0.37421483,0.21460421,-0.20041455,-0.012129234,0.107391305,-0.05139865,0.0031410332,0.32470268,0.061956665999999994,0.36390263,0.28930542,-0.18436705,0.6207634,0.2762343,-0.5382196,-0.13117693,-0.19928843,0.10992757,-0.23126034,-0.08918889599999999,-0.09677712599999999,-0.44207707,0.038030293,0.0029826984000000003,-0.41817784,0.15633227,0.21022129999999997,-0.16790956,0.07299218,0.20775963,-0.16884497,-0.15799463,0.11917715,-0.4815746,0.09218203,0.11221021,-0.6843182,0.08572317,0.13998374,-0.5958773,-0.038001917,0.18628150000000002,-0.63147056,0.007651470600000001,0.20609882,-0.6364581,-0.01948335,0.14536079999999998,-0.6057272,0.10622688,0.20219763,-0.62049055,0.054167625,0.073430106,-0.004494100343436003,0.2160469889640808,0.00527900829911232
77,0.6045295999999999,0.27000105,-0.58245033,0.36209455,0.19785452,-0.22544897,-0.020581635,0.11250284,-0.059543755,0.015923286000000002,0.31580025,0.06923653,0.35184428,0.2609787,-0.20697463,0.60900897,0.21557826,-0.55581456,-0.13053332,-0.16141291,0.059095155,-0.23838122,-0.020520411000000002,-0.12305086,-0.44752204,0.05655378,0.008747241,-0.41762412,0.14166173,0.21615717,-0.154409,0.1238667,0.20656106,-0.07152401,-0.10451577599999999,0.15802081,-0.4808321,0.08964801,0.1171558,-0.67906153,0.08408894,0.14363445,-0.5929055,-0.045491815,0.17991716,-0.6274458,-0.000669837,0.2034424,-0.6332878000000001,-0.02306094,0.14071426,-0.6002998,0.097222984,0.20714259,-0.6160238,0.055859484,0.07464346,-0.002329174429178238,0.2141515463590622,0.004846388474106789
78,0.59999454,0.24665883,-0.59560627,0.34389400000000003,0.15903385,-0.24781460000000002,-0.049965805999999995,0.14342629999999998,-0.09058367,0.036383014,0.28294414,0.09369526,0.35187516,0.23429893,-0.21002284,0.6044884,0.20593101,-0.56446326,-0.1402507,-0.148527,0.0268527,-0.24340308,0.0049854624,-0.15121216,-0.44937363,0.08143848,-0.0011087041,-0.40802744,0.14470904,0.23227026,-0.13774376,0.128631,0.23202612,-0.015855268,-0.08548804,0.18394455,-0.48142725,0.10425891,0.12194252,-0.68641734,0.09033194,0.14130911,-0.59494585,-0.033774957,0.18021578,-0.6319484999999999,0.009822503,0.2027233,-0.6356244000000001,-0.013679399999999998,0.14021286,-0.60935503,0.10908845,0.20641145,-0.6205771999999999,0.065177634,0.07326771,-0.00679139606654644,0.2131852209568024,0.0015557967126369474
79,0.6081937,0.24756393,-0.5948227,0.34307529999999997,0.18013762,-0.24788257,-0.050567843,0.14270625,-0.08972572,0.03894488,0.28149402,0.09255681,0.35268673,0.2192623,-0.2088491,0.6067175,0.18500142,-0.5614188,-0.19942910000000003,-0.1371991,0.020087708,-0.24607664,0.034620605,-0.15968429,-0.44976859999999996,0.09045933,-0.0024905372,-0.4135656,0.13670361,0.22975612,-0.14618662,0.10752069,0.23639375,-0.062182799999999996,-0.12318118,0.19417219,-0.48283148,0.10604000000000001,0.11871208,-0.6862664,0.100234024,0.13759739999999998,-0.60066354,-0.028319389,0.17610283,-0.63574886,0.01696261,0.19871613,-0.6405213000000001,-0.006337769300000001,0.13615578,-0.60872424,0.1149904,0.20232666,-0.6219598000000001,0.07193731,0.069249064,-0.005811480805277824,0.2121001332998276,0.0014155469834804535
80,0.5049164,0.22784570000000004,-0.6539583000000001,0.35210687,0.16388862,-0.24438132,-0.041829266000000004,0.12981659,-0.07752189,0.032819502,0.30284572,0.08279564,0.3310872,0.2187216,-0.23603925,0.5098073000000001,0.1957235,-0.6377025,-0.06456759999999999,-0.20047276,0.030886407999999997,-0.19925262,-0.022994235,-0.10383984,-0.43421045,0.06008038,-0.0035007913,-0.42132676,0.16239914,0.22346678,-0.1608511,0.09532882,0.26922643,-0.005185878,-0.107384995,0.29324132,-0.48485923,0.107188255,0.11090171,-0.689357,0.111637115,0.09612852,-0.62108415,-0.011264741000000002,0.17181298,-0.6566526,0.038560368,0.17949836,-0.6515033,0.004859797700000001,0.121887475,-0.6235509,0.13503662,0.17218295,-0.61555785,0.06977071,0.04764328,-0.004504881799221039,0.21633115410804749,0.002636875957250595
81,0.6114396,0.24345830000000002,-0.57764965,0.35818377,0.18942927,-0.22047886,-0.037137132,0.12111947,-0.07040935,0.028739808,0.30524412,0.077815056,0.35927328,0.23564564,-0.20181648,0.6218260999999999,0.19510287,-0.54713917,-0.29361075,-0.18232486,0.059657097,-0.23300065,-0.029356522000000003,-0.1271613,-0.44367853,0.08066688,-0.00777719,-0.42614764,0.15254006,0.21469581,-0.16778977,0.08948022,0.23547997,-0.192868,-0.14815643,0.17448679,-0.48455018,0.11165472,0.1068943,-0.6858082,0.10621721,0.1324355,-0.5992274000000001,-0.020396732,0.17478558,-0.63381565,0.025995217,0.19603461,-0.6402882,-0.00044120848,0.13500288,-0.6067723,0.124015465,0.19381984,-0.623417,0.07468732,0.06400816,-0.004198662005364896,0.21318179368972776,0.003702852874994278
82,0.611588,0.23422483,-0.54133683,0.38190603,0.21259059,-0.17135052,-0.004316268,0.100138195,-0.017169893000000002,-0.0029073035999999997,0.3375316,0.032717813,0.35873014,0.27645975,-0.20201947,0.6128444000000001,0.22083867,-0.55530095,-0.27355486,-0.2099094,0.1191127,-0.25727132,-0.079605535,-0.09436692,-0.4533366,0.07929615,-0.017289449,-0.42633164,0.18034413,0.20187332,-0.19294067,0.060072243,0.21246925,-0.2831528,-0.15089327,0.1346886,-0.49071595,0.12526964,0.09981798,-0.68976414,0.12428056400000001,0.1508969,-0.60364735,-0.0075861067,0.16917379999999999,-0.63417804,0.035772815,0.19896325,-0.64768493,0.017448358,0.13648173,-0.60455585,0.13218872,0.20472874,-0.63611275,0.10012302,0.07372829,-0.00361178582534194,0.21883489191532132,0.007773960009217262
83,0.61309767,0.22166933,-0.56527305,0.37003508,0.19706817,-0.20009739999999998,-0.01736043,0.10511002,-0.04120327,0.009303180999999999,0.32882497,0.054369852,0.3535979,0.26154226,-0.20731169,0.6121621,0.19642031,-0.5541062,-0.29169255,-0.19829853,0.109875485,-0.23291685,-0.07422353,-0.097901925,-0.44253173,0.06687479,-0.007940992,-0.42663443,0.17626053,0.20789367,-0.20856394,0.03621083,0.20229903,-0.32463000000000003,-0.15222070000000001,0.0964596,-0.4861452,0.12002471,0.10650924,-0.68817806,0.12012160000000001,0.14682572,-0.60222465,-0.008450314,0.18072779999999997,-0.63463867,0.037436694,0.20525005,-0.6447558000000001,0.013288282,0.14385635,-0.6055031999999999,0.13484126,0.20446636,-0.6301986999999999,0.09017674,0.07487151,-0.004028624389320612,0.2169674932956696,0.006583290174603461
84,0.5988048,0.20449597,-0.55877143,0.37181798,0.23000108,-0.18752575,0.014472256999999999,0.10384953,0.016523315,-0.020841086,0.34177774,0.0012916409,0.34455749999999996,0.29241908,-0.22823578,0.60452175,0.20094089,-0.5666386,-0.17531736,-0.18302529,0.06531698,-0.22962764,-0.03517494,-0.12734228,-0.4476714,0.053211257000000005,-0.013636438999999998,-0.42924005,0.1766989,0.19519213,-0.18265857,0.09321819,0.19215387,-0.24541944,-0.12760147,0.117802486,-0.48941392,0.10715037,0.1014798,-0.68698204,0.11260732,0.15316644,-0.59928286,-0.014415823000000001,0.18905368,-0.6303526999999999,0.032185427999999995,0.21255483,-0.64395106,0.0051484257,0.15342538,-0.6019474,0.12819292,0.20432043,-0.6336788000000001,0.07834447,0.08009726,-0.0031844144687056537,0.22281363606452945,0.008907477371394634
85,0.5941829000000001,0.18434635,-0.5972438,0.35761446,0.16611591,-0.22508916,-0.040176082,0.1288075,-0.07850837,0.03158679,0.29782405,0.08407592,0.34409282,0.23041274,-0.21730594,0.5956517,0.15917566,-0.5644858,-0.11604866,-0.17877479,-0.00980815,-0.22320634,0.015511338000000001,-0.13757639,-0.44305176,0.07586105,-0.0056743417,-0.41389236,0.12757593,0.21882597,-0.15727850000000002,0.053814772999999996,0.21259104,-0.120032445,-0.18549144,0.14917928,-0.4785621,0.097075194,0.11301527,-0.67768234,0.081091635,0.14920822,-0.5807996,-0.039600655,0.18564649,-0.6167543000000001,0.004290551,0.20910583,-0.62518895,-0.022471994,0.14845105,-0.59633684,0.10366569,0.20548719,-0.61765707,0.053312108,0.0765575,-0.00429464690387249,0.21331578493118286,0.002783775329589844
86,0.5937336,0.17564256,-0.59871876,0.33913234,0.13776734,-0.237387,-0.06403349,0.16296282,-0.09879793,0.045319047,0.2666168,0.09858902,0.34890366,0.17571166,-0.20550123,0.5988574000000001,0.11926426,-0.5604617,-0.110575914,-0.15094309,-0.057507478,-0.23273554,0.05053543,-0.16599342,-0.4427104,0.09290828,-0.0034823696999999997,-0.38698316,0.10033739,0.240404,-0.11572207,0.05170566,0.23431274,0.006009522,-0.16612892,0.18260679,-0.4689899,0.089140505,0.12760708,-0.67410195,0.06789969,0.15282154,-0.57807535,-0.05488316,0.18281975,-0.61525214,-0.013339378,0.20847549,-0.62069356,-0.034603186,0.14524245,-0.59531546,0.086313024,0.21535848,-0.6103821,0.04761108,0.08032412,-0.00935722328722477,0.21478980779647827,-0.00010445713996887208
87,0.6016537,0.17439449999999998,-0.58279365,0.34471640000000003,0.1204606,-0.22670601,-0.058509275,0.15214184,-0.09342117,0.042993706,0.27825093,0.09334455,0.34429076,0.17275423,-0.21067679,0.5823816999999999,0.102498874,-0.571261,-0.096694745,-0.14583436,-0.08832714,-0.23802899,0.060494955999999996,-0.1558277,-0.44263959999999997,0.085036844,0.009672680999999999,-0.384108,0.09425376,0.24313164,-0.11330885,0.05651937,0.23333232,0.032572668,-0.14756670000000002,0.1869708,-0.46543884,0.08160563,0.13578900000000002,-0.66664624,0.060198765,0.17409441,-0.5684668,-0.06353929,0.1888084,-0.6037206999999999,-0.024135902999999997,0.21967551,-0.6137251,-0.041287236,0.15586582,-0.5838913,0.074902385,0.23164394,-0.60845613,0.04500012,0.09630075,-0.007757784798741341,0.2151963859796524,-3.831088542938232e-05
88,0.6072957,0.13204111,-0.5874728,0.33906674,0.11923736,-0.23326173,-0.06239426,0.16171081,-0.09909119,0.044179092999999996,0.26826206,0.0968637,0.35768940000000005,0.16441384,-0.19210827,0.6223271,0.09770452,-0.53679466,-0.14558926,-0.15415306,-0.089286685,-0.24747615,0.07006228,-0.16546229999999998,-0.44816306,0.096228465,0.005761145600000001,-0.38522017,0.08306418,0.23582673,-0.11553409,0.03330253,0.23046772,-0.021568953999999998,-0.19775431,0.18898992,-0.46635365,0.08118953,0.13120094,-0.66310537,0.051108445999999995,0.1839343,-0.5595123000000001,-0.06912418,0.18759789,-0.59347427,-0.031503096,0.2219098,-0.6085574,-0.048146635,0.15901244,-0.5761178000000001,0.06786345,0.23310336,-0.6121858,0.03904835,0.10007664,-0.00910758413374424,0.21498644351959229,-0.0011137425899505617
89,0.5969244,0.11518436,-0.6007526999999999,0.32342017,0.117911294,-0.25282753,-0.06570566,0.1616882,-0.09591671,0.04646522,0.26731315,0.09687915,0.35511420000000005,0.1734426,-0.1981498,0.6197212,0.09707858,-0.5371547,-0.17381608,-0.19883743,-0.079631954,-0.2464948,0.027365949,-0.17751616,-0.43900150000000004,0.09188484,0.0022119666,-0.38493314,0.093827695,0.24189435,-0.124786414,0.008554771999999999,0.25225380000000003,-0.123130634,-0.23139945,0.18231617,-0.4611755,0.08484544,0.13382852,-0.6534473000000001,0.051901773,0.20165488,-0.54981524,-0.06772061,0.19598524,-0.5807955,-0.030339137000000002,0.23334725,-0.60094225,-0.046697155,0.17178999,-0.5630286999999999,0.069066755,0.24363914,-0.6094331999999999,0.04073017,0.11395685,-0.009620217606425284,0.21450066566467285,0.0004812180995941162
90,0.6051908,0.1325317,-0.5962589,0.33355382,0.1261941,-0.24881114,-0.052860107,0.13630268,-0.07983191,0.03720244,0.29344398,0.08560711,0.36264807,0.19552724,-0.1908896,0.6326398,0.119243726,-0.52759665,-0.2520701,-0.22238705,-0.052768655,-0.24446018,0.002510278,-0.16810612,-0.43217632,0.08461477,0.010599197,-0.37951726,0.094904676,0.25012466,-0.15028448,-0.05174779,0.2512484,-0.24084875,-0.27058756,0.18064511,-0.45460649999999997,0.08209588,0.14370848,-0.6450806,0.04884253400000001,0.21514204,-0.54543895,-0.07350546,0.200964,-0.57478535,-0.037857264,0.24116653,-0.5959373,-0.049320042,0.17887229,-0.5536576,0.060151353,0.25776064,-0.6022444,0.04184898,0.12752704,-0.007828833535313606,0.2148733288049698,0.002887599170207977
91,0.530325,0.2231513,-0.6488656999999999,0.3406574,0.15088828,-0.25530759,-0.050257865,0.1431829,-0.08882626,0.039037786,0.28556940000000003,0.092146985,0.32711992,0.20636381,-0.2355801,0.50794125,0.19038211,-0.6365846,-0.07612695,-0.20376989,0.0069974930000000005,-0.19569460000000002,-0.015171436000000002,-0.12375971,-0.42958789999999997,0.058010194,-0.007675351600000001,-0.41101676,0.14036602,0.22869673,-0.14531,0.08590358,0.27223462,-0.047356345,-0.14654736,0.28643137,-0.4773742,0.09333741,0.11320885,-0.6838814999999999,0.0939263,0.11214562,-0.60736585,-0.030459887999999997,0.17656232,-0.64315176,0.018152155,0.18912002,-0.642181,-0.013060263999999999,0.12988919,-0.6125056999999999,0.11521023,0.18298157,-0.6139915,0.055484585,0.05549960599999999,-0.005610039457678796,0.21437615156173706,0.001660361886024475
92,0.59595174,0.13654746,-0.60154045,0.33783987,0.12733123,-0.24476326,-0.04499141,0.12477332,-0.06795696,0.03205581,0.3068258,0.07632541,0.36057985,0.21382064,-0.1987645,0.63437873,0.14614296,-0.5340325,-0.2780228,-0.22679625,-0.040188617999999995,-0.22523862,-0.013194102,-0.15799470000000002,-0.42069104,0.0656853,0.014295732,-0.37808585,0.09255579,0.25328445,-0.13711807,-0.027522191,0.24972534,-0.24567704,-0.23034799,0.16899647,-0.44917650000000003,0.06917376,0.14588743,-0.6411964,0.03382808,0.21429916,-0.5392128,-0.08665947,0.2020507,-0.5699979000000001,-0.05150146,0.24176612,-0.5897914000000001,-0.06333767,0.17911428,-0.5508595000000001,0.046705767999999995,0.25870275,-0.59667224,0.027533277999999998,0.12801602,-0.006467800587415695,0.21579955518245694,0.004184223711490631
93,0.5783491999999999,0.15536068,-0.6206124,0.32333922,0.14199707,-0.26324293,-0.059333548,0.1478156,-0.08847575,0.04459998,0.27889916,0.09192519,0.35197493,0.21340252,-0.21064235,0.6106729999999999,0.19123882,-0.56092364,-0.1882787,-0.23262748,-0.06459938,-0.23829362,-0.0006714205400000001,-0.15669051,-0.42685786,0.06645128,0.023548293999999997,-0.36187276,0.07350793,0.2605625,-0.10346274,-0.0027405159999999997,0.23978847,-0.12210246,-0.23741993,0.16702358,-0.44397646,0.057132274000000004,0.15457535,-0.63587826,0.0063915467,0.21732184,-0.52528495,-0.10540509,0.1993801,-0.5589516,-0.07513912,0.24054588,-0.5769274,-0.0841597,0.17692666,-0.5472931999999999,0.022843547000000002,0.26432526,-0.5894159000000001,0.008955538,0.13110812,-0.007366783916950227,0.21335738897323608,0.0017247200012207033
94,0.58730537,0.18819985,-0.6169158,0.33152714,0.15550596,-0.26042745,-0.05677555,0.15456432,-0.09572108,0.042157777,0.27151394,0.096480384,0.35087332,0.19747987,-0.20490417,0.5986971,0.17536297,-0.56506526,-0.13100725,-0.16955473,-0.0967084,-0.25719994,0.04089992,-0.17005534,-0.43498385,0.05582664,0.023720442999999997,-0.35940188,0.0551015,0.2520105,-0.088845514,0.034476317,0.24392717,0.023068448999999998,-0.17736715,0.17560273,-0.44435793,0.03907653,0.14943086,-0.6338731,-0.014227109,0.21038127,-0.52215725,-0.124538064,0.18926223,-0.5560477,-0.09576742,0.23115063,-0.57411,-0.10316555,0.16735831,-0.54526055,0.0015984774,0.25746468,-0.5876215,-0.009312004,0.124015346,-0.00730888731777668,0.21303912997245789,0.00037965178489685064
95,0.57691264,0.21430033,-0.61403525,0.31645057,0.13794102,-0.26535240000000004,-0.07129945,0.17895983,-0.10382233,0.04894948,0.2520621,0.10236988,0.34333864,0.16646463,-0.20667474,0.60722333,0.17409918,-0.55772376,-0.113075964,-0.16137356,-0.12324026,-0.24582298,0.046098888,-0.19919167,-0.42481670000000005,0.04526919,0.0062174833999999995,-0.35233533,0.046816002999999995,0.25468904,-0.07576852,0.06473004,0.26429892,0.08447045,-0.121136904,0.20485422,-0.43901843,0.026609353999999998,0.14355545,-0.6347329,-0.022200282999999998,0.2010223,-0.5256076999999999,-0.13655837,0.18855750000000002,-0.5597771,-0.10460049,0.22807239,-0.57615894,-0.11471203,0.16394006,-0.54685533,-0.006035745,0.25085807,-0.58559036,-0.021858073999999998,0.11538035,-0.011174984276294708,0.21551096439361567,-0.0007262229919433594
96,0.60312635,0.22183485,-0.6000890999999999,0.32482696,0.14823437,-0.26423118,-0.0648758,0.16837475,-0.10120016,0.045358587,0.26169375,0.10033179,0.34813407,0.1868629,-0.20737110000000003,0.6113890000000001,0.16141985,-0.55730146,-0.078714095,-0.18954620000000003,-0.10806292,-0.22588499,0.011932798,-0.17655444,-0.41864124,0.030236749,0.010248011999999999,-0.36044648,0.054346636,0.2524914,-0.08779536,0.081007026,0.27162975,0.09092937400000001,-0.09121056,0.22408958,-0.4380202,0.022659652000000002,0.14202921,-0.63156766,-0.029645272,0.19187477,-0.5198667,-0.14228424,0.18544126,-0.5564923,-0.11059233,0.22320576,-0.5695494000000001,-0.12120749,0.15833277,-0.546455,-0.0114374235,0.24585457,-0.57811,-0.029210097999999997,0.10906531,-0.009758604690432549,0.21503424644470212,-0.00043418630957603455
97,0.6067185,0.19001547,-0.60196334,0.32073048,0.15619297,-0.26734886,-0.06519431,0.16738687,-0.10037948,0.04560424,0.25986657,0.10014481,0.35401836,0.19333474,-0.20032091,0.619648,0.15086812,-0.5435032,-0.09268254,-0.23013571,-0.08526322,-0.21842285,-0.016912706,-0.1632281,-0.41900829999999994,0.037354134,0.010510637,-0.35766125,0.049606017999999995,0.25095713,-0.086563624,0.012273711000000001,0.27435859999999995,0.010599012,-0.21607384,0.23364738,-0.43750137,0.027880042999999997,0.14168276,-0.630687,-0.026824377000000003,0.19450738,-0.51787174,-0.13728121,0.18337202,-0.5543125,-0.107220896,0.22242846,-0.56836766,-0.11651391,0.15775952,-0.5449544,-0.008745953,0.2468355,-0.57928115,-0.023581855,0.11088766,-0.009795034304261208,0.2136267125606537,-0.00011733546853065493
98,0.6113494,0.1791494,-0.5933049,0.32807425,0.15962917,-0.25787693,-0.058144475999999994,0.15163843,-0.09293797599999999,0.04080398,0.27478424,0.09645824,0.35361820000000005,0.21218395,-0.20044474,0.6227098000000001,0.15533741,-0.5354918000000001,-0.11223098,-0.2597937,-0.05686221599999999,-0.20236026,-0.04333959,-0.16189547,-0.4082344,0.031262927,0.0020783692999999997,-0.36356669999999996,0.062458605,0.24811104,-0.10379828,-0.013878109,0.27598659999999997,-0.07171837,-0.25553715,0.2237924,-0.43624288,0.031772133,0.1358951,-0.6276687,-0.027737482,0.19648375,-0.5119748,-0.13403289,0.18311016,-0.5477149,-0.10444357,0.22313261,-0.56396824,-0.115751415,0.15936816,-0.54121757,-0.0053581,0.24500181,-0.5795834,-0.02445639,0.111226484,-0.008670248091220856,0.213211327791214,0.001760132610797882
99,0.6211158,0.16698712,-0.55648667,0.37183099999999997,0.1793306,-0.19656171,-0.017372102,0.10704011,-0.04407756,0.00798003,0.32766917,0.055989206,0.35969959999999995,0.25103292,-0.19406486,0.62079227,0.16480689,-0.5342816999999999,-0.14183432,-0.27126867,-0.025513228,-0.1905031,-0.056444537,-0.14667925,-0.40173736,0.015926618,0.0040745866,-0.37703153,0.0744105,0.23733093,-0.12480389,-0.011115513999999998,0.27265948,-0.15684868,-0.24727269,0.22325835,-0.43754816,0.03052469,0.1316157,-0.62684,-0.016349237,0.19749328,-0.51558983,-0.12869099,0.19685984,-0.55049133,-0.09386864,0.23306188,-0.56688684,-0.11124237,0.1708414,-0.53989506,0.0062638745,0.24349463,-0.5786983,-0.025233723,0.11339327,-0.004696035757660866,0.2173546403646469,0.005955822765827179
100,0.6247908000000001,0.18234418,-0.5499291999999999,0.37779912,0.18227477,-0.18767376,-0.018220786,0.10908215,-0.048198122999999995,0.007719641,0.3269572,0.059090454,0.3577837,0.25598782,-0.19604649999999998,0.62711275,0.16182803,-0.52814656,-0.11033657,-0.23030454,-0.02851208,-0.20684034,-0.03170742,-0.15281692,-0.41503959999999995,0.025099903,0.0060831327000000004,-0.36755526,0.07296729,0.24223693,-0.10663511,-0.0014832317,0.24629894,-0.15241447,-0.23708852,0.20494336,-0.4418425,0.033790264,0.1362394,-0.63472366,-0.015140312,0.19553414,-0.5237507,-0.12782308,0.18993148,-0.55931306,-0.09518769,0.22761017,-0.574375,-0.10835652,0.16401523,-0.54826736,0.0039715245,0.24514857,-0.5844826999999999,-0.018800847,0.11227949,-0.0052505722269415855,0.21801966428756714,0.0054461658000946045
101,0.6356888,0.19877279999999997,-0.5466624,0.37552065,0.17612165,-0.19422351,-0.026597332,0.11849937,-0.06713388,0.017983401,0.31407532,0.07264812,0.36405557,0.2257728,-0.18392679,0.62138546,0.13674961,-0.5260756999999999,-0.07585559,-0.20449448,-0.041114125,-0.21464224,-0.0096814735,-0.13724455,-0.42707562,0.034859932999999996,0.0069198553000000005,-0.38037288,0.064319536,0.23154758,-0.11686708,0.016825587,0.23800953,-0.04483301,-0.21726444,0.19386023,-0.45006225,0.03555942,0.12899946,-0.63662064,-0.008347783000000001,0.19635421,-0.5270342,-0.12282844,0.18729118,-0.5600281,-0.08877612,0.22579026,-0.5788828,-0.103381656,0.16351938,-0.54745924,0.010646708000000001,0.24022646,-0.59118634,-0.014665134,0.10961445,-0.004306965507566929,0.2162873446941376,0.0027571208775043488
